-- phpMyAdmin SQL Dump
-- version 4.5.5.1
-- http://www.phpmyadmin.net
--
-- Servidor: 127.0.0.1:3306
-- Tiempo de generación: 13-07-2016 a las 13:11:17
-- Versión del servidor: 5.6.29
-- Versión de PHP: 7.0.4

SET SQL_MODE = "NO_AUTO_VALUE_ON_ZERO";
SET time_zone = "+00:00";


/*!40101 SET @OLD_CHARACTER_SET_CLIENT=@@CHARACTER_SET_CLIENT */;
/*!40101 SET @OLD_CHARACTER_SET_RESULTS=@@CHARACTER_SET_RESULTS */;
/*!40101 SET @OLD_COLLATION_CONNECTION=@@COLLATION_CONNECTION */;
/*!40101 SET NAMES utf8mb4 */;

--
-- Base de datos: `capitulos`
--

-- --------------------------------------------------------

--
-- Estructura de tabla para la tabla `canal`
--

CREATE TABLE `canal` (
  `ID_canal` int(3) NOT NULL,
  `Nomcanal` varchar(25) NOT NULL,
  `Pais` varchar(25) NOT NULL,
  `Logo` varchar(25) DEFAULT NULL
) ENGINE=InnoDB DEFAULT CHARSET=utf8;

--
-- Volcado de datos para la tabla `canal`
--

INSERT INTO `canal` (`ID_canal`, `Nomcanal`, `Pais`, `Logo`) VALUES
(1, 'Canal +', 'Francia', 'canalplus.jpg'),
(2, 'HBO', 'Estados Unidos', 'hbo.jpg'),
(3, 'Fuji TV', 'Japón', 'fujitv.png'),
(4, 'AMC', 'Estados Unidos', 'amc.jpg'),
(5, 'NBC', 'Estados Unidos', 'nbc.png'),
(6, 'NTV', 'Japón', 'ntv.jpg'),
(7, 'AT-X', 'Japón', 'atx.jpg'),
(8, 'FX', 'Estados Unidos', 'fx.png'),
(9, 'CBS', 'Estados Unidos', 'cbs.png'),
(10, 'TV Tokyo', 'Japón', 'tvt.png'),
(11, 'FOX', 'Estados Unidos', 'fox.jpg'),
(12, 'TBS', 'Estados Unidos', 'tbs.png'),
(13, 'ABC', 'Estados Unidos', 'abc.png'),
(14, 'Tokyo Broadcasting System', 'Japón', 'tobrsy.jpg'),
(15, 'BBC One', 'Reino Unido', 'bbc.png'),
(16, 'Showtime', 'Estados Unidos', 'sho.jpg'),
(17, 'Channel 4', 'Reino Unido', 'c4.jpg'),
(18, 'Univisión', 'Colombia', 'univision.png'),
(19, 'The CW', 'Estados Unidos', 'cw.png'),
(20, 'Antena 3', 'España', 'a3.png'),
(21, 'History Channel', 'Irlanda', 'hc.jpg'),
(22, 'Netflix', 'Estados Unidos', 'netflix.jpg'),
(23, 'Syfy', 'Estados Unidos', 'syfy.png'),
(24, 'Tokyo MX', 'Japón', 'tmx.jpg'),
(25, 'BBC America', 'Canadá', 'bbca.png'),
(26, 'Amazon', 'Estados Unidos', 'amazon.png'),
(27, 'USA Network', 'Estados Unidos', 'usa.jpg'),
(28, 'MTV', 'Estados Unidos', 'mtv.png'),
(29, 'Cinemax', 'Estados Unidos', 'cinemax.png'),
(30, 'CW Seed', 'Estados Unidos', 'cwseed.jpg'),
(31, 'Starz!', 'Estados Unidos', 'starz.jpg'),
(32, 'A&E', 'Estados Unidos', 'aye.jpg'),
(33, 'Freeform', 'Estados Unidos', 'freeform.jpg'),
(34, 'Hulu', 'Estados Unidos', 'hulu.jpg'),
(35, 'MBS', 'Japón', 'mbs.png'),
(36, 'BBC Two', 'Reino Unido', 'bbc2.png'),
(37, 'Adult Swim', 'Estados Unidos', 'adultswim.jpg');

-- --------------------------------------------------------

--
-- Estructura de tabla para la tabla `capitulo`
--

CREATE TABLE `capitulo` (
  `id_capitulo` int(4) NOT NULL,
  `fecha` date DEFAULT NULL,
  `medio` varchar(15) NOT NULL,
  `formato` varchar(15) NOT NULL,
  `serie` int(3) DEFAULT NULL,
  `s` int(3) NOT NULL,
  `e` int(4) NOT NULL,
  `Titulo` varchar(75) NOT NULL,
  `Duracion` int(3) NOT NULL,
  `Comentario` text NOT NULL
) ENGINE=InnoDB DEFAULT CHARSET=utf8;

--
-- Volcado de datos para la tabla `capitulo`
--

INSERT INTO `capitulo` (`id_capitulo`, `fecha`, `medio`, `formato`, `serie`, `s`, `e`, `Titulo`, `Duracion`, `Comentario`) VALUES
(1, '2013-03-05', '', 'Descarga', 1, 1, 1, '', 54, ''),
(2, '2013-03-07', '', 'Descarga', 1, 1, 2, '', 52, ''),
(3, '2013-03-07', '', 'Descarga', 2, 1, 1, '', 62, ''),
(4, '2013-03-11', '', 'YouTube', 3, 1, 1, '', 21, ''),
(5, '2013-03-12', '', 'YouTube', 3, 1, 2, '', 21, ''),
(6, '2013-03-12', '', 'YouTube', 3, 1, 3, '', 21, ''),
(7, '2013-03-14', '', 'Descarga', 1, 1, 3, '', 50, ''),
(8, '2013-03-20', '', 'Descarga', 3, 1, 4, '', 23, ''),
(9, '2013-03-21', '', 'Descarga', 4, 3, 13, '', 43, ''),
(10, '2013-03-21', '', 'Descarga', 1, 1, 5, '', 55, ''),
(11, '2013-03-25', '', 'YouTube', 3, 1, 5, '', 21, ''),
(12, '2013-03-26', '', 'Tablet', 3, 1, 6, '', 21, ''),
(13, '2013-03-28', '', 'YouTube', 3, 1, 7, '', 21, ''),
(14, '2013-03-29', '', 'YouTube', 3, 1, 8, '', 21, ''),
(15, '2013-03-30', '', 'YouTube', 3, 1, 9, '', 21, ''),
(16, '2013-04-26', '', 'Descarga', 1, 1, 6, '', 51, ''),
(17, '2013-05-06', '', 'Tablet', 5, 1, 1, '', 40, ''),
(18, '2013-05-07', '', 'Descarga', 1, 1, 7, '', 53, ''),
(19, '2013-05-08', '', 'Descarga', 1, 1, 8, '', 53, ''),
(20, '2013-05-26', '', 'Tablet', 3, 1, 10, '', 20, ''),
(21, '2013-05-26', '', 'Tablet', 3, 1, 11, '', 20, ''),
(22, '2013-05-26', '', 'Tablet', 3, 1, 12, '', 20, ''),
(23, '2013-05-26', '', 'Tablet', 3, 1, 13, '', 20, ''),
(24, '2013-05-26', '', 'Tablet', 3, 1, 14, '', 20, ''),
(25, '2013-05-26', '', 'Tablet', 3, 1, 15, '', 20, ''),
(26, '2013-05-28', '', 'Tablet', 3, 1, 16, '', 20, ''),
(27, '2013-05-29', '', 'Tablet', 3, 1, 17, '', 20, ''),
(28, '2013-05-29', '', 'Tablet', 3, 1, 18, '', 20, ''),
(29, '2013-06-03', '', 'MoeVideos', 3, 1, 19, '', 20, ''),
(30, '2013-06-04', '', 'Tablet', 3, 1, 20, '', 20, ''),
(31, '2013-06-04', '', 'Tablet', 3, 1, 21, '', 20, ''),
(32, '2013-06-04', '', 'Tablet', 3, 1, 22, '', 20, ''),
(33, '2013-06-05', '', 'YouTube', 3, 1, 23, '', 20, ''),
(34, '2013-06-06', '', 'Tablet', 3, 1, 24, '', 20, ''),
(35, '2013-06-06', '', 'Tablet', 3, 1, 25, '', 20, ''),
(36, '2013-06-06', '', 'Tablet', 3, 1, 26, '', 20, ''),
(37, '2013-06-06', '', 'Tablet', 3, 1, 27, '', 20, ''),
(38, '2013-06-06', '', 'Tablet', 3, 1, 28, '', 20, ''),
(39, '2013-06-06', '', 'Tablet', 3, 1, 29, '', 20, ''),
(40, '2013-06-07', '', 'YouTube', 3, 1, 30, '', 20, ''),
(41, '2013-06-07', '', 'YouTube', 3, 1, 31, '', 20, ''),
(42, '2013-06-07', '', 'YouTube', 3, 1, 32, '', 20, ''),
(43, '2013-06-07', '', 'Tablet', 3, 1, 33, '', 20, ''),
(44, '2013-06-07', '', 'Tablet', 3, 1, 34, '', 20, ''),
(45, '2013-06-08', '', 'Tablet', 3, 1, 35, '', 20, ''),
(46, '2013-06-08', '', 'Tablet', 3, 1, 36, '', 20, ''),
(47, '2013-06-00', '', 'Tablet', 3, 1, 37, '', 20, ''),
(48, '2013-06-00', '', 'Tablet', 3, 1, 38, '', 20, ''),
(49, '2013-06-00', '', 'Tablet', 3, 1, 39, '', 20, ''),
(50, '2013-06-00', '', 'Tablet', 3, 1, 40, '', 20, ''),
(51, '2013-06-00', '', 'Tablet', 3, 1, 41, '', 20, ''),
(52, '2013-06-00', '', 'Tablet', 3, 1, 42, '', 20, ''),
(53, '2013-06-00', '', 'Tablet', 3, 1, 43, '', 20, ''),
(54, '2013-06-00', '', 'Tablet', 3, 1, 44, '', 20, ''),
(55, '2013-06-00', '', 'Tablet', 3, 1, 45, '', 20, ''),
(56, '2013-06-00', '', 'Tablet', 3, 1, 46, '', 20, ''),
(57, '2013-06-00', '', 'Tablet', 3, 1, 47, '', 20, ''),
(58, '2013-06-00', '', 'Tablet', 3, 1, 48, '', 20, ''),
(59, '2013-06-00', '', 'Tablet', 3, 1, 49, '', 20, ''),
(60, '2013-06-00', '', 'Tablet', 3, 1, 50, '', 20, ''),
(61, '2013-06-00', '', 'Tablet', 3, 1, 51, '', 20, ''),
(62, '2013-06-00', '', 'Tablet', 3, 1, 52, '', 20, ''),
(63, '2013-06-00', '', 'Tablet', 3, 1, 53, '', 20, ''),
(64, '2013-06-00', '', 'Tablet', 3, 1, 54, '', 20, ''),
(65, '2013-06-00', '', 'Tablet', 3, 1, 55, '', 20, ''),
(66, '2013-06-00', '', 'Tablet', 3, 1, 56, '', 20, ''),
(67, '2013-06-00', '', 'Tablet', 3, 1, 57, '', 20, ''),
(68, '2013-06-15', '', 'PS3', 3, 1, 58, '', 20, ''),
(69, '2013-06-15', '', 'PS3', 3, 1, 59, '', 20, ''),
(70, '2013-06-15', '', 'PS3', 3, 1, 60, '', 20, ''),
(71, '2013-06-16', '', 'Tablet', 3, 2, 61, '', 20, ''),
(72, '2013-06-16', '', 'Tablet', 3, 2, 62, '', 20, ''),
(73, '2013-06-16', '', 'YouTube', 3, 2, 63, '', 20, ''),
(74, '2013-06-16', '', 'VK', 3, 2, 64, '', 20, ''),
(75, '2013-06-16', '', 'YouTube', 3, 2, 65, '', 20, ''),
(76, '2013-06-17', '', 'PS3', 3, 2, 66, '', 20, ''),
(77, '2013-06-17', '', 'Tablet', 3, 2, 67, '', 20, ''),
(78, '2013-06-17', '', 'Tablet', 3, 2, 68, '', 20, ''),
(79, '2013-06-17', '', 'Tablet', 3, 2, 69, '', 20, ''),
(80, '2013-06-18', '', 'YouTube', 3, 2, 70, '', 20, ''),
(81, '2013-06-19', '', 'YouTube', 3, 2, 71, '', 20, ''),
(82, '2013-06-19', '', 'YouTube', 3, 2, 72, '', 20, ''),
(83, '2013-06-19', '', 'YouTube', 3, 2, 73, '', 20, ''),
(84, '2013-06-19', '', 'YouTube', 3, 2, 74, '', 20, ''),
(85, '2013-06-19', '', 'YouTube', 3, 2, 75, '', 20, ''),
(86, '2013-06-19', '', 'YouTube', 3, 2, 76, '', 20, ''),
(87, '2013-06-19', '', 'YouTube', 3, 2, 77, '', 20, ''),
(88, '2013-06-20', '', 'YouTube', 3, 3, 78, '', 20, ''),
(89, '2013-06-20', '', 'Tablet', 3, 3, 79, '', 20, ''),
(90, '2013-06-20', '', 'Tablet', 3, 3, 80, '', 20, ''),
(91, '2013-06-20', '', 'YouTube', 3, 3, 81, '', 20, ''),
(92, '2013-06-20', '', 'YouTube', 3, 3, 82, '', 20, ''),
(93, '2013-06-20', '', 'YouTube', 3, 3, 83, '', 20, ''),
(94, '2013-06-21', '', 'Tablet', 3, 3, 84, '', 20, ''),
(95, '2013-06-21', '', 'Tablet', 3, 3, 85, '', 20, ''),
(96, '2013-06-21', '', 'Tablet', 3, 3, 86, '', 20, ''),
(97, '2013-06-21', '', 'VK', 3, 3, 87, '', 20, ''),
(98, '2013-06-21', '', 'VK', 3, 3, 88, '', 20, ''),
(99, '2013-06-22', '', 'Tablet', 3, 3, 89, '', 20, ''),
(100, '2013-06-22', '', 'Tablet', 3, 3, 90, '', 20, ''),
(101, '2013-06-22', '', 'Tablet', 3, 3, 91, '', 20, ''),
(102, '2013-06-22', '', 'Tablet', 3, 3, 92, '', 20, ''),
(103, '2013-06-22', '', 'Tablet', 3, 4, 93, '', 20, ''),
(104, '2013-06-22', '', 'Tablet', 3, 4, 94, '', 20, ''),
(105, '2013-06-22', '', 'Tablet', 3, 4, 95, '', 20, ''),
(106, '2013-06-22', '', 'Tablet', 3, 4, 96, '', 20, ''),
(107, '2013-06-22', '', 'VK', 3, 4, 97, '', 20, ''),
(108, '2013-06-22', '', 'Tablet', 3, 4, 98, '', 20, ''),
(109, '2013-06-22', '', 'Tablet', 3, 4, 99, '', 20, ''),
(110, '2013-06-22', '', 'Tablet', 3, 4, 100, '', 20, ''),
(111, '2013-06-23', '', 'Tablet', 3, 4, 101, '', 20, ''),
(112, '2013-06-23', '', 'Tablet', 3, 4, 102, '', 20, ''),
(113, '2013-06-23', '', 'Tablet', 3, 4, 103, '', 20, ''),
(114, '2013-06-23', '', 'Tablet', 3, 4, 104, '', 20, ''),
(115, '2013-06-24', '', 'VK', 3, 4, 105, '', 20, ''),
(116, '2013-06-24', '', 'VK', 3, 4, 106, '', 20, ''),
(117, '2013-06-24', '', 'VK', 3, 4, 107, '', 20, ''),
(118, '2013-06-24', '', 'VK', 3, 4, 108, '', 20, ''),
(119, '2013-06-24', '', 'VK', 3, 4, 109, '', 20, ''),
(120, '2013-06-24', '', 'VK', 3, 4, 110, '', 20, ''),
(121, '2013-06-24', '', 'VK', 3, 4, 111, '', 20, ''),
(122, '2013-06-26', '', 'Tablet', 3, 4, 112, '', 20, ''),
(123, '2013-06-28', '', 'Tablet', 3, 4, 113, '', 20, ''),
(124, '2013-06-28', '', 'Tablet', 3, 4, 114, '', 20, ''),
(125, '2013-06-28', '', 'Tablet', 3, 4, 115, '', 20, ''),
(126, '2013-06-28', '', 'YouTube', 6, 1, 1, '', 20, ''),
(127, '2013-06-28', '', 'YouTube', 7, 1, 1, '', 20, ''),
(128, '2013-06-28', '', 'YouTube', 7, 1, 2, '', 20, ''),
(129, '2013-06-28', '', 'YouTube', 7, 1, 3, '', 20, ''),
(130, '2013-06-28', '', 'YouTube', 7, 1, 4, '', 20, ''),
(131, '2013-06-28', '', 'YouTube', 7, 1, 5, '', 20, ''),
(132, '2013-06-28', '', 'YouTube', 7, 1, 6, '', 20, ''),
(133, '2013-06-28', '', 'YouTube', 7, 1, 7, '', 20, ''),
(134, '2013-06-28', '', 'YouTube', 7, 1, 8, '', 20, ''),
(135, '2013-06-28', '', 'YouTube', 7, 1, 9, '', 20, ''),
(136, '2013-06-28', '', 'YouTube', 7, 1, 10, '', 20, ''),
(137, '2013-06-28', '', 'YouTube', 7, 1, 11, '', 20, ''),
(138, '2013-06-28', '', 'YouTube', 7, 1, 12, '', 20, ''),
(139, '2013-06-30', '', 'Tablet', 7, 1, 13, '', 20, ''),
(140, '2013-06-30', '', 'Tablet', 7, 1, 14, '', 20, ''),
(141, '2013-06-30', '', 'Tablet', 7, 1, 15, '', 20, ''),
(142, '2013-06-30', '', 'YouTube', 7, 1, 16, '', 20, ''),
(143, '2013-07-00', '', 'YouTube', 7, 1, 17, '', 20, ''),
(144, '2013-07-04', '', 'Tablet', 7, 1, 18, '', 20, ''),
(145, '2013-07-04', '', 'Tablet', 7, 1, 19, '', 20, ''),
(146, '2013-07-05', '', 'Tablet', 7, 1, 20, '', 20, ''),
(147, '2013-07-06', '', 'YouTube', 7, 1, 21, '', 20, ''),
(148, '2013-07-06', '', 'YouTube', 7, 1, 22, '', 20, ''),
(149, '2013-07-06', '', 'YouTube', 7, 1, 23, '', 20, ''),
(150, '2013-07-06', '', 'YouTube', 7, 1, 24, '', 20, ''),
(151, '2013-07-06', '', 'YouTube', 7, 1, 25, '', 20, ''),
(152, '2013-07-06', '', 'YouTube', 7, 1, 26, '', 20, ''),
(153, '2013-07-06', '', 'YouTube', 7, 1, 27, '', 20, ''),
(154, '2013-07-06', '', 'YouTube', 7, 1, 28, '', 20, ''),
(155, '2013-07-06', '', 'YouTube', 7, 1, 29, '', 20, ''),
(156, '2013-07-06', '', 'YouTube', 7, 1, 30, '', 20, ''),
(157, '2013-07-06', '', 'Tablet', 7, 1, 31, '', 20, ''),
(158, '2013-07-06', '', 'Tablet', 7, 1, 32, '', 20, ''),
(159, '2013-07-06', '', 'Tablet', 7, 1, 33, '', 20, ''),
(160, '2013-07-06', '', 'Tablet', 7, 1, 34, '', 20, ''),
(161, '2013-07-06', '', 'Tablet', 7, 1, 35, '', 20, ''),
(162, '2013-07-06', '', 'Tablet', 7, 1, 36, '', 20, ''),
(163, '2013-07-06', '', 'Tablet', 7, 1, 37, '', 20, ''),
(164, '2013-07-07', '', 'Tablet', 8, 1, 1, '', 24, ''),
(165, '2013-07-07', '', 'Tablet', 3, 4, 116, '', 20, ''),
(166, '2013-07-07', '', 'Tablet', 3, 4, 117, '', 20, ''),
(167, '2013-07-08', '', 'Tablet', 3, 4, 118, '', 20, ''),
(168, '2013-07-09', '', 'Tablet', 3, 4, 119, '', 20, ''),
(169, '2013-07-09', '', 'Tablet', 3, 4, 120, '', 20, ''),
(170, '2013-07-09', '', 'Tablet', 3, 4, 121, '', 20, ''),
(171, '2013-07-09', '', 'Tablet', 3, 4, 122, '', 20, ''),
(172, '2013-07-09', '', 'VK', 3, 4, 123, '', 20, ''),
(173, '2013-07-09', '', 'VK', 3, 4, 124, '', 20, ''),
(174, '2013-07-10', '', 'Tablet', 3, 4, 125, '', 20, ''),
(175, '2013-07-10', '', 'Tablet', 3, 4, 126, '', 20, ''),
(176, '2013-07-10', '', 'Tablet', 3, 4, 127, '', 20, ''),
(177, '2013-07-10', '', '', 3, 4, 128, '', 20, ''),
(178, '2013-07-10', '', '', 3, 4, 129, '', 20, ''),
(179, '2013-07-10', '', '', 3, 4, 130, '', 20, ''),
(180, '2013-07-10', '', '', 3, 5, 131, '', 20, ''),
(181, '2013-07-11', '', 'Tablet', 3, 5, 132, '', 20, ''),
(182, '2013-07-11', '', 'Tablet', 3, 5, 133, '', 20, ''),
(183, '2013-07-11', '', 'Tablet', 3, 5, 134, '', 20, ''),
(184, '2013-07-13', '', 'StreamCloud', 9, 2, 5, '', 44, ''),
(185, '2013-07-14', '', 'Tablet', 9, 2, 6, '', 45, ''),
(186, '2013-07-14', '', 'Tablet', 9, 2, 7, '', 45, ''),
(187, '2013-07-15', '', 'Tablet', 9, 2, 8, '', 45, ''),
(188, '2013-07-17', '', 'Tablet', 9, 2, 9, '', 45, ''),
(189, '2013-08-13', '', 'Móvil', 9, 2, 10, '', 45, ''),
(190, '2013-08-16', '', 'VK', 3, 5, 135, '', 20, ''),
(191, '2013-08-16', '', 'VK', 3, 5, 136, '', 20, ''),
(192, '2013-08-17', '', 'VK', 3, 5, 137, '', 20, ''),
(193, '2013-08-17', '', 'StreamCloud', 9, 2, 11, '', 45, ''),
(194, '2013-08-17', '', 'StreamCloud', 9, 2, 12, '', 45, ''),
(195, '2013-08-18', '', 'StreamCloud', 9, 2, 13, '', 45, ''),
(196, '2013-08-19', '', 'StreamCloud', 9, 3, 1, '', 45, ''),
(197, '2013-08-19', '', 'StreamCloud', 9, 3, 2, '', 45, ''),
(198, '2013-08-22', '', 'StreamCloud', 9, 3, 3, '', 45, ''),
(199, '2013-08-25', '', 'StreamCloud', 9, 3, 4, '', 45, ''),
(200, '2013-08-25', '', 'YouTube', 3, 5, 138, '', 20, ''),
(201, '2013-08-25', '', 'YouTube', 3, 5, 139, '', 20, ''),
(202, '2013-08-26', '', 'YouTube', 3, 5, 140, '', 20, ''),
(203, '2013-08-26', '', 'YouTube', 3, 5, 141, '', 20, ''),
(204, '2013-08-26', '', 'YouTube', 3, 5, 142, '', 20, ''),
(205, '2013-08-26', '', 'YouTube', 3, 5, 143, '', 20, ''),
(206, '2013-08-26', '', 'YouTube', 3, 6, 144, '', 20, ''),
(207, '2013-09-09', '', 'StreamCloud', 9, 3, 5, '', 45, ''),
(208, '2013-09-11', '', 'Tablet', 9, 3, 6, '', 45, ''),
(209, '2013-09-15', '', 'Tablet', 9, 3, 7, '', 45, ''),
(210, '2013-09-15', '', 'Tablet', 9, 3, 8, '', 45, ''),
(211, '2013-09-16', '', 'StreamCloud', 9, 3, 9, '', 45, ''),
(212, '2013-09-17', '', 'StreamCloud', 10, 1, 1, '', 54, ''),
(213, '2013-09-17', '', 'Tablet', 11, 1, 1, '', 45, ''),
(214, '2013-09-18', '', 'Descarga', 11, 1, 2, '', 45, ''),
(215, '2013-09-19', '', 'Grabada', 11, 1, 3, '', 45, ''),
(216, '2013-09-25', '', 'Grabada', 11, 1, 4, '', 45, ''),
(217, '2013-09-25', '', 'Grabada', 11, 1, 5, '', 45, ''),
(218, '2013-09-28', '', 'Grabada', 11, 1, 6, '', 45, ''),
(219, '2013-09-29', '', 'Móvil', 9, 3, 10, '', 45, ''),
(220, '2013-09-29', '', 'Móvil', 9, 3, 11, '', 45, ''),
(221, '2013-09-30', '', 'Grabada', 11, 1, 7, '', 45, ''),
(222, '2013-09-30', '', 'Grabada', 11, 1, 8, '', 45, ''),
(223, '2013-09-30', '', 'Tablet', 9, 3, 12, '', 42, ''),
(224, '2013-10-01', '', 'Móvil', 9, 3, 13, '', 45, ''),
(225, '2013-10-02', '', 'Móvil', 9, 4, 1, '', 47, ''),
(226, '2013-10-02', '', 'Grabada', 11, 1, 9, '', 45, ''),
(227, '2013-10-02', '', 'Móvil', 12, 1, 1, '', 20, ''),
(228, '2013-10-03', '', 'Móvil', 9, 4, 2, '', 45, ''),
(229, '2013-10-03', '', 'StreamCloud', 12, 1, 2, '', 20, ''),
(230, '2013-10-03', '', 'StreamCloud', 12, 1, 3, '', 20, ''),
(231, '2013-10-03', '', 'Tablet', 12, 1, 4, '', 20, ''),
(232, '2013-10-04', '', 'Tablet', 12, 1, 5, '', 20, ''),
(233, '2013-10-04', '', 'Tablet', 9, 4, 3, '', 45, ''),
(234, '2013-10-04', '', 'Tablet', 12, 1, 6, '', 20, ''),
(235, '2013-10-06', '', 'Móvil', 9, 4, 4, '', 45, ''),
(236, '2013-10-06', '', 'Móvil', 9, 4, 5, '', 45, ''),
(237, '2013-10-06', '', 'Móvil', 12, 1, 7, '', 20, ''),
(238, '2013-10-07', '', 'Tablet', 9, 4, 6, '', 45, ''),
(239, '2013-10-07', '', 'Tablet', 12, 1, 8, '', 20, ''),
(240, '2013-10-07', '', 'Descarga', 5, 1, 1, '', 40, ''),
(241, '2013-10-07', '', 'Tablet', 12, 1, 9, '', 20, ''),
(242, '2013-10-08', '', 'Móvil', 12, 1, 10, '', 20, ''),
(243, '2013-10-09', '', 'Tablet', 9, 4, 7, '', 47, ''),
(244, '2013-10-09', '', 'Tablet', 9, 4, 8, '', 47, ''),
(245, '2013-10-09', '', 'Grabada', 11, 1, 10, '', 40, ''),
(246, '2013-10-10', '', 'Tablet', 9, 4, 9, '', 45, ''),
(247, '2013-10-10', '', 'Tablet', 12, 1, 11, '', 20, ''),
(248, '2013-10-10', '', 'Tablet', 12, 1, 12, '', 20, ''),
(249, '2013-10-10', '', 'Tablet', 12, 1, 13, '', 20, ''),
(250, '2013-10-10', '', 'Tablet', 12, 1, 14, '', 20, ''),
(251, '2013-10-11', '', 'StreamCloud', 9, 4, 10, '', 45, ''),
(252, '2013-10-11', '', 'StreamCloud', 9, 4, 11, '', 45, ''),
(253, '2013-10-11', '', 'Tablet', 9, 4, 12, '', 45, ''),
(254, '2013-10-11', '', 'Tablet', 9, 4, 12, '', 48, ''),
(255, '2013-10-12', '', 'StreamCloud', 9, 5, 1, '', 41, ''),
(256, '2013-10-12', '', 'StreamCloud', 12, 1, 15, '', 20, ''),
(257, '2013-10-12', '', 'StreamCloud', 12, 1, 16, '', 20, ''),
(258, '2013-10-13', '', 'Tablet', 3, 6, 145, '', 20, ''),
(259, '2013-10-13', '', 'Tablet', 3, 6, 146, '', 20, ''),
(260, '2013-10-13', '', 'Tablet', 3, 6, 147, '', 20, ''),
(261, '2013-10-13', '', 'Móvil', 12, 1, 17, '', 20, ''),
(262, '2013-10-14', '', 'Tablet', 9, 5, 2, '', 45, ''),
(263, '2013-10-14', '', 'Tablet', 9, 5, 3, '', 45, ''),
(264, '2013-10-14', '', 'Descarga', 5, 1, 2, '', 42, ''),
(265, '2013-10-14', '', 'Móvil', 12, 1, 18, '', 20, ''),
(266, '2013-10-15', '', 'Tablet', 9, 5, 4, '', 45, ''),
(267, '2013-10-15', '', 'StreamCloud', 9, 5, 5, '', 45, ''),
(268, '2013-10-15', '', 'StreamCloud', 9, 5, 6, '', 45, ''),
(269, '2013-10-15', '', 'Tablet', 9, 5, 7, '', 45, ''),
(270, '2013-10-16', '', 'StreamCloud', 9, 5, 8, '', 45, ''),
(271, '2013-10-17', '', 'Tablet', 3, 6, 148, '', 20, ''),
(272, '2013-10-17', '', 'Descarga', 5, 1, 3, '', 40, ''),
(273, '2013-10-17', '', 'StreamCloud', 9, 5, 9, '', 45, ''),
(274, '2013-10-17', '', 'StreamCloud', 9, 5, 10, '', 45, ''),
(275, '2013-10-17', '', 'Tablet', 12, 1, 19, '', 20, ''),
(276, '2013-10-18', '', 'Tablet', 9, 5, 11, '', 45, ''),
(277, '2013-10-18', '', 'Tablet', 9, 5, 12, '', 45, ''),
(278, '2013-10-18', '', 'Tablet', 9, 5, 13, '', 45, ''),
(279, '2013-10-18', '', 'Tablet', 9, 5, 14, '', 45, ''),
(280, '2013-10-18', '', 'Tablet', 9, 5, 15, '', 55, ''),
(281, '2013-10-18', '', 'Tablet', 9, 5, 16, '', 53, ''),
(282, '2013-10-19', '', 'StreamCloud', 13, 1, 1, '', 49, ''),
(283, '2013-10-19', '', 'StreamCloud', 13, 1, 2, '', 39, ''),
(284, '2013-10-20', '', 'Tablet', 12, 1, 20, '', 20, ''),
(285, '2013-10-21', '', 'StreamCloud', 13, 1, 3, '', 40, ''),
(286, '2013-10-21', '', 'StreamCloud', 12, 1, 21, '', 20, ''),
(287, '2013-10-21', '', 'YouTube', 14, 1, 1, '', 20, ''),
(288, '2013-10-21', '', 'YouTube', 14, 1, 2, '', 20, ''),
(289, '2013-10-21', '', 'YouTube', 15, 1, 1, '', 20, ''),
(290, '2013-10-21', '', 'YouTube', 15, 1, 2, '', 20, ''),
(291, '2013-10-21', '', 'StreamCloud', 15, 1, 3, '', 20, ''),
(292, '2013-10-21', '', 'StreamCloud', 12, 1, 22, '', 20, ''),
(293, '2013-10-21', '', 'StreamCloud', 12, 1, 23, '', 20, ''),
(294, '2013-10-21', '', 'StreamCloud', 12, 1, 24, '', 20, ''),
(295, '2013-10-21', '', 'StreamCloud', 12, 1, 25, '', 20, ''),
(296, '2013-10-21', '', 'Tablet', 15, 1, 4, '', 20, ''),
(297, '2013-10-22', '', 'Tablet', 15, 1, 5, '', 20, ''),
(298, '2013-10-22', '', 'StreamCloud', 12, 2, 1, '', 20, ''),
(299, '2013-10-22', '', 'Tablet', 15, 1, 6, '', 20, ''),
(300, '2013-10-22', '', 'Tablet', 15, 1, 7, '', 20, ''),
(301, '2013-10-23', '', 'Tablet', 15, 1, 8, '', 20, ''),
(302, '2013-10-23', '', 'Grabada', 11, 1, 11, '', 40, ''),
(303, '2013-10-23', '', 'YouTube', 14, 1, 3, '', 20, ''),
(304, '2013-10-23', '', 'YouTube', 14, 1, 4, '', 20, ''),
(305, '2013-10-23', '', 'StreamCloud', 12, 2, 2, '', 20, ''),
(306, '2013-10-23', '', 'YouTube', 16, 17, 1, '', 20, ''),
(307, '2013-10-23', '', 'Tablet', 15, 1, 9, '', 20, ''),
(308, '2013-10-23', '', 'Tablet', 16, 17, 2, '', 20, ''),
(309, '2013-10-23', '', 'Tablet', 15, 1, 10, '', 20, ''),
(310, '2013-10-24', '', 'StreamCloud', 15, 1, 11, '', 20, ''),
(311, '2013-10-24', '', 'StreamCloud', 13, 1, 4, '', 39, ''),
(312, '2013-10-24', '', 'StreamCloud', 12, 2, 3, '', 20, ''),
(313, '2013-10-24', '', 'Tablet', 15, 1, 12, '', 20, ''),
(314, '2013-10-25', '', 'Tablet', 13, 1, 5, '', 37, ''),
(315, '2013-10-25', '', 'Tablet', 15, 1, 13, '', 20, ''),
(316, '2013-10-25', '', 'StreamCloud', 12, 2, 4, '', 20, ''),
(317, '2013-10-25', '', 'Tablet', 15, 1, 14, '', 20, ''),
(318, '2013-10-26', '', 'Tablet', 15, 1, 15, '', 20, ''),
(319, '2013-10-27', '', 'StreamCloud', 17, 1, 1, '', 23, ''),
(320, '2013-10-27', '', 'StreamCloud', 12, 2, 5, '', 20, ''),
(321, '2013-10-27', '', 'StreamCloud', 18, 1, 1, '', 20, ''),
(322, '2013-10-27', '', 'StreamCloud', 19, 1, 1, '', 20, ''),
(323, '2013-10-27', '', 'StreamCloud', 15, 1, 16, '', 20, ''),
(324, '2013-10-27', '', 'Tablet', 18, 1, 2, '', 20, ''),
(325, '2013-10-28', '', 'Tablet', 15, 1, 17, '', 20, ''),
(326, '2013-10-28', '', 'Tablet', 12, 2, 6, '', 20, ''),
(327, '2013-10-28', '', 'StreamCloud', 12, 2, 7, '', 20, ''),
(328, '2013-10-28', '', 'StreamCloud', 12, 2, 8, '', 20, ''),
(329, '2013-10-28', '', 'StreamCloud', 12, 2, 9, '', 20, ''),
(330, '2013-10-29', '', 'StreamCloud', 15, 1, 18, '', 20, ''),
(331, '2013-10-29', '', 'StreamCloud', 15, 1, 19, '', 20, ''),
(332, '2013-10-29', '', 'StreamCloud', 15, 1, 20, '', 20, ''),
(333, '2013-10-30', '', 'Móvil', 17, 1, 2, '', 20, ''),
(334, '2013-10-30', '', 'StreamCloud', 12, 2, 10, '', 20, ''),
(335, '2013-10-30', '', 'StreamCloud', 15, 1, 21, '', 20, ''),
(336, '2013-10-31', '', 'StreamCloud', 15, 1, 22, '', 20, ''),
(337, '2013-10-31', '', 'StreamCloud', 12, 2, 11, '', 20, ''),
(338, '2013-10-31', '', 'Tablet', 15, 1, 23, '', 20, ''),
(339, '2013-10-31', '', 'Tablet', 12, 2, 12, '', 20, ''),
(340, '2013-11-01', '', 'Tablet', 12, 2, 13, '', 20, ''),
(341, '2013-11-01', '', 'StreamCloud', 15, 1, 24, '', 20, ''),
(342, '2013-11-01', '', 'StreamCloud', 15, 1, 25, '', 20, ''),
(343, '2013-11-01', '', 'StreamCloud', 12, 2, 14, '', 20, ''),
(344, '2013-11-02', '', 'Grabada', 11, 1, 12, '', 40, ''),
(345, '2013-11-02', '', 'Grabada', 11, 1, 13, '', 40, ''),
(346, '2013-11-03', '', 'Tablet', 12, 2, 14, '', 20, ''),
(347, '2013-11-03', '', 'StreamCloud', 15, 1, 26, '', 20, ''),
(348, '2013-11-03', '', 'StreamCloud', 12, 2, 15, '', 20, ''),
(349, '2013-11-03', '', 'StreamCloud', 15, 1, 27, '', 20, ''),
(350, '2013-11-03', '', 'StreamCloud', 15, 1, 28, '', 20, ''),
(351, '2013-11-03', '', 'StreamCloud', 12, 2, 16, '', 20, ''),
(352, '2013-11-00', '', '', 12, 2, 17, '', 20, ''),
(353, '2013-11-00', '', '', 12, 2, 18, '', 20, ''),
(354, '2013-11-04', '', 'Tablet', 13, 1, 6, '', 44, ''),
(355, '2013-11-04', '', 'Descarga', 4, 3, 15, '', 43, ''),
(356, '2013-11-04', '', 'StreamCloud', 12, 2, 19, '', 20, ''),
(357, '2013-11-04', '', 'StreamCloud', 15, 1, 29, '', 20, ''),
(358, '2013-11-04', '', 'StreamCloud', 12, 2, 20, '', 20, ''),
(359, '2013-11-04', '', 'StreamCloud', 12, 2, 21, '', 20, ''),
(360, '2013-11-05', '', 'Tablet', 12, 2, 22, '', 20, ''),
(361, '2013-11-05', '', 'Tablet', 12, 2, 23, '', 20, ''),
(362, '2013-11-05', '', 'Tablet', 12, 2, 24, '', 20, ''),
(363, '2013-11-05', '', 'Descarga', 4, 3, 15, '', 40, ''),
(364, '2013-11-05', '', 'StreamCloud', 15, 1, 30, '', 20, ''),
(365, '2013-11-05', '', 'StreamCloud', 12, 3, 1, '', 20, ''),
(366, '2013-11-06', '', 'StreamCloud', 12, 3, 2, '', 20, ''),
(367, '2013-11-06', '', 'StreamCloud', 10, 1, 2, '', 43, ''),
(368, '2013-11-06', '', 'Tablet', 13, 1, 7, '', 40, ''),
(369, '2013-11-06', '', 'StreamCloud', 20, 1, 1, '', 20, ''),
(370, '2013-11-06', '', 'Descarga', 4, 3, 16, '', 40, ''),
(371, '2013-11-06', '', 'Descarga', 4, 4, 1, '', 40, ''),
(372, '2013-11-06', '', 'StreamCloud', 12, 3, 4, '', 20, ''),
(373, '2013-11-07', '', 'Tablet', 13, 1, 8, '', 40, ''),
(374, '2013-11-07', '', 'StreamCloud', 12, 3, 3, '', 20, ''),
(375, '2013-11-07', '', 'StreamCloud', 12, 3, 5, '', 20, ''),
(376, '2013-11-07', '', 'Tablet', 12, 3, 6, '', 20, ''),
(377, '2013-11-08', '', 'Tablet', 13, 1, 9, '', 38, ''),
(378, '2013-11-08', '', 'Tablet', 12, 3, 7, '', 20, ''),
(379, '2013-11-08', '', 'StreamCloud', 13, 1, 10, '', 39, ''),
(380, '2013-11-08', '', 'StreamCloud', 15, 1, 31, '', 20, ''),
(381, '2013-11-08', '', 'StreamCloud', 12, 3, 8, '', 20, ''),
(382, '2013-11-09', '', 'Tablet', 13, 1, 11, '', 40, ''),
(383, '2013-11-09', '', 'StreamCloud', 13, 1, 12, '', 49, ''),
(384, '2013-11-09', '', 'StreamCloud', 12, 3, 9, '', 20, ''),
(385, '2013-11-09', '', 'StreamCloud', 13, 2, 1, '', 48, ''),
(386, '2013-11-09', '', 'StreamCloud', 15, 1, 32, '', 20, ''),
(387, '2013-11-09', '', 'Tablet', 12, 3, 10, '', 20, ''),
(388, '2013-11-09', '', 'Tablet', 3, 6, 149, '', 20, ''),
(389, '2013-11-09', '', 'Tablet', 3, 6, 150, '', 20, ''),
(390, '2013-11-10', '', 'Tablet', 3, 6, 151, '', 20, ''),
(391, '2013-11-10', '', 'Tablet', 3, 6, 152, '', 20, ''),
(392, '2013-11-10', '', 'Tablet', 3, 6, 153, '', 20, ''),
(393, '2013-11-10', '', 'Tablet', 3, 6, 154, '', 20, ''),
(394, '2013-11-11', '', 'Tablet', 13, 2, 2, '', 44, ''),
(395, '2013-11-11', '', 'Tablet', 3, 6, 155, '', 20, ''),
(396, '2013-11-11', '', 'Descarga', 4, 4, 2, '', 42, ''),
(397, '2013-11-11', '', 'StreamCloud', 15, 1, 33, '', 20, ''),
(398, '2013-11-11', '', 'StreamCloud', 15, 1, 34, '', 20, ''),
(399, '2013-11-12', '', 'Tablet', 13, 2, 3, '', 41, ''),
(400, '2013-11-12', '', 'Tablet', 12, 3, 11, '', 20, ''),
(401, '2013-11-12', '', 'StreamCloud', 15, 1, 35, '', 20, ''),
(402, '2013-11-12', '', 'StreamCloud', 15, 1, 36, '', 20, ''),
(403, '2013-11-13', '', 'Tablet', 13, 2, 4, '', 42, ''),
(404, '2013-11-13', '', 'StreamCloud', 15, 1, 37, '', 20, ''),
(405, '2013-11-13', '', 'StreamCloud', 15, 1, 38, '', 20, ''),
(406, '2013-11-13', '', 'StreamCloud', 15, 1, 39, '', 20, ''),
(407, '2013-11-13', '', 'StreamCloud', 15, 1, 40, '', 20, ''),
(408, '2013-11-13', '', 'StreamCloud', 12, 3, 12, '', 20, ''),
(409, '2013-11-14', '', 'Tablet', 13, 2, 5, '', 42, ''),
(410, '2013-11-14', '', 'Tablet', 3, 6, 156, '', 20, ''),
(411, '2013-11-14', '', 'StreamCloud', 15, 1, 41, '', 20, ''),
(412, '2013-11-14', '', 'StreamCloud', 12, 3, 13, '', 20, ''),
(413, '2013-11-15', '', 'Tablet', 13, 2, 6, '', 40, ''),
(414, '2013-11-15', '', 'Tablet', 13, 2, 7, '', 40, ''),
(415, '2013-11-15', '', 'StreamCloud', 12, 3, 14, '', 20, ''),
(416, '2013-11-15', '', 'StreamCloud', 12, 3, 15, '', 20, ''),
(417, '2013-11-15', '', 'Descarga', 4, 4, 3, '', 40, ''),
(418, '2013-11-15', '', 'StreamCloud', 15, 1, 42, '', 20, ''),
(419, '2013-11-15', '', 'Tablet', 15, 1, 43, '', 20, ''),
(420, '2013-11-15', '', 'Tablet', 3, 6, 157, '', 20, ''),
(421, '2013-11-16', '', 'StreamCloud', 15, 1, 44, '', 20, ''),
(422, '2013-11-16', '', 'StreamCloud', 15, 1, 45, '', 20, ''),
(423, '2013-11-16', '', 'StreamCloud', 15, 1, 46, '', 20, ''),
(424, '2013-11-16', '', 'StreamCloud', 13, 2, 8, '', 39, ''),
(425, '2013-11-16', '', 'StreamCloud', 15, 1, 47, '', 20, ''),
(426, '2013-11-16', '', 'StreamCloud', 15, 1, 48, '', 20, ''),
(427, '2013-11-16', '', 'StreamCloud', 15, 1, 49, '', 20, ''),
(428, '2013-11-16', '', 'Descarga', 4, 4, 4, '', 43, ''),
(429, '2013-11-16', '', 'Descarga', 3, 6, 158, '', 20, ''),
(430, '2013-11-16', '', 'StreamCloud', 15, 1, 50, '', 20, ''),
(431, '2013-11-16', '', 'StreamCloud', 15, 1, 51, '', 20, ''),
(432, '2013-11-16', '', 'Tablet', 15, 1, 52, '', 20, ''),
(433, '2013-11-16', '', 'Tablet', 15, 1, 53, '', 20, ''),
(434, '2013-11-16', '', 'Tablet', 15, 1, 54, '', 20, ''),
(435, '2013-11-16', '', 'Tablet', 21, 1, 1, '', 20, ''),
(436, '2013-11-17', '', 'VK', 3, 6, 159, '', 20, ''),
(437, '2013-11-17', '', 'VK', 3, 6, 160, '', 20, ''),
(438, '2013-11-17', '', 'VK', 3, 6, 161, '', 20, ''),
(439, '2013-11-17', '', 'VK', 12, 3, 16, '', 20, ''),
(440, '2013-11-17', '', 'VK', 3, 6, 162, '', 20, ''),
(441, '2013-11-17', '', 'VK', 3, 6, 163, '', 20, ''),
(442, '2013-11-18', '', 'Tablet', 13, 2, 9, '', 40, ''),
(443, '2013-11-18', '', 'Tablet', 3, 6, 164, '', 20, ''),
(444, '2013-11-18', '', 'Tablet', 4, 4, 5, '', 40, ''),
(445, '2013-11-18', '', 'StreamCloud', 12, 3, 17, '', 20, ''),
(446, '2013-11-18', '', 'StreamCloud', 12, 3, 18, '', 20, ''),
(447, '2013-11-19', '', 'Tablet', 13, 2, 10, '', 40, ''),
(448, '2013-11-19', '', 'Tablet', 12, 3, 19, '', 20, ''),
(449, '2013-11-19', '', 'StreamCloud', 12, 3, 20, '', 20, ''),
(450, '2013-11-19', '', 'StreamCloud', 12, 3, 21, '', 20, ''),
(451, '2013-11-19', '', 'StreamCloud', 12, 3, 22, '', 20, ''),
(452, '2013-11-19', '', 'Descarga', 4, 4, 6, '', 40, ''),
(453, '2013-11-19', '', 'Tablet', 13, 2, 11, '', 45, ''),
(454, '2013-11-20', '', 'Tablet', 13, 2, 12, '', 40, ''),
(455, '2013-11-20', '', 'Tablet', 12, 4, 1, '', 20, ''),
(456, '2013-11-20', '', 'Tablet', 13, 2, 13, '', 46, ''),
(457, '2013-11-20', '', 'Tablet', 13, 3, 1, '', 45, ''),
(458, '2013-11-20', '', 'Tablet', 12, 4, 2, '', 20, ''),
(459, '2013-11-20', '', 'VK', 3, 6, 165, '', 20, ''),
(460, '2013-11-20', '', 'VK', 3, 6, 166, '', 20, ''),
(461, '2013-11-20', '', 'StreamCloud', 15, 2, 1, '', 20, ''),
(462, '2013-11-21', '', 'Tablet', 13, 3, 2, '', 40, ''),
(463, '2013-11-21', '', 'Tablet', 12, 4, 3, '', 20, ''),
(464, '2013-11-22', '', 'Tablet', 12, 4, 4, '', 20, ''),
(465, '2013-11-22', '', 'Tablet', 12, 4, 5, '', 20, ''),
(466, '2013-11-22', '', 'Tablet', 13, 3, 3, '', 50, ''),
(467, '2013-11-22', '', 'Tablet', 3, 6, 167, '', 20, ''),
(468, '2013-11-22', '', 'StreamCloud', 12, 4, 6, '', 20, ''),
(469, '2013-11-22', '', 'StreamCloud', 12, 4, 7, '', 20, ''),
(470, '2013-11-22', '', 'Descarga', 5, 1, 4, '', 42, ''),
(471, '2013-11-23', '', 'Tablet', 12, 4, 8, '', 20, ''),
(472, '2013-11-23', '', 'Tablet', 12, 4, 9, '', 20, ''),
(473, '2013-11-23', '', 'Tablet', 15, 2, 2, '', 20, ''),
(474, '2013-11-23', '', 'AllMyVideos', 12, 4, 10, '', 20, ''),
(475, '2013-11-24', '', 'StreamCloud', 12, 4, 11, '', 20, ''),
(476, '2013-11-24', '', 'Tablet', 3, 6, 168, '', 20, ''),
(477, '2013-11-24', '', 'StreamCloud', 12, 4, 12, '', 20, ''),
(478, '2013-11-24', '', 'StreamCloud', 12, 4, 13, '', 20, ''),
(479, '2013-11-25', '', 'Tablet', 13, 3, 4, '', 45, ''),
(480, '2013-11-25', '', 'Tablet', 3, 6, 169, '', 20, ''),
(481, '2013-11-25', '', 'VK', 3, 6, 170, '', 20, ''),
(482, '2013-11-26', '', 'Descarga', 5, 1, 5, '', 43, ''),
(483, '2013-11-26', '', 'VK', 3, 6, 171, '', 20, ''),
(484, '2013-11-26', '', 'VK', 3, 6, 172, '', 20, ''),
(485, '2013-11-27', '', 'Tablet', 13, 3, 5, '', 40, ''),
(486, '2013-11-27', '', 'Tablet', 4, 4, 7, '', 42, ''),
(487, '2013-11-28', '', 'Tablet', 13, 3, 6, '', 40, ''),
(488, '2013-11-28', '', 'Tablet', 3, 6, 173, '', 20, ''),
(489, '2013-11-29', '', 'Tablet', 13, 3, 7, '', 47, ''),
(490, '2013-11-29', '', 'Tablet', 22, 1, 1, '', 73, ''),
(491, '2013-11-29', '', 'Tablet', 3, 6, 174, '', 20, ''),
(492, '2013-11-30', '', 'Tablet', 3, 6, 175, '', 20, ''),
(493, '2013-11-30', '', 'VK', 3, 6, 176, '', 20, ''),
(494, '2013-12-01', '', 'Descarga', 22, 1, 2, '', 53, ''),
(495, '2013-12-01', '', 'Descarga', 5, 1, 6, '', 40, ''),
(496, '2013-12-02', '', 'Tablet', 22, 1, 3, '', 52, ''),
(497, '2013-12-02', '', 'Tablet', 3, 6, 177, '', 20, ''),
(498, '2013-12-04', '', 'Tablet', 23, 1, 1, '', 20, ''),
(499, '2013-12-04', '', 'Tablet', 23, 1, 2, '', 20, ''),
(500, '2013-12-04', '', 'Tablet', 23, 1, 3, '', 20, ''),
(501, '2013-12-04', '', 'AllMyVideos', 23, 1, 4, '', 20, ''),
(502, '2013-12-05', '', 'Descarga', 22, 1, 4, '', 53, ''),
(503, '2013-12-05', '', 'Descarga', 4, 4, 8, '', 40, ''),
(504, '2013-12-05', '', 'VK', 3, 6, 178, '', 20, ''),
(505, '2013-12-05', '', 'Descarga', 22, 1, 5, '', 54, ''),
(506, '2013-12-06', '', 'AllMyVideos', 3, 6, 179, '', 20, ''),
(507, '2013-12-06', '', 'AllMyVideos', 3, 6, 180, '', 20, ''),
(508, '2013-12-06', '', 'AllMyVideos', 3, 6, 181, '', 20, ''),
(509, '2013-12-06', '', 'StreamCloud', 3, 6, 182, '', 20, ''),
(510, '2013-12-06', '', 'AllMyVideos', 23, 1, 5, '', 20, ''),
(511, '2013-12-06', '', 'Descarga', 13, 3, 8, '', 44, ''),
(512, '2013-12-06', '', 'Descarga', 22, 1, 6, '', 60, ''),
(513, '2013-12-07', '', 'Descarga', 22, 1, 7, '', 54, ''),
(514, '2013-12-07', '', 'AllMyVideos', 23, 1, 6, '', 20, ''),
(515, '2013-12-07', '', 'VK', 3, 6, 183, '', 20, ''),
(516, '2013-12-07', '', 'VK', 3, 6, 184, '', 20, ''),
(517, '2013-12-08', '', 'VK', 3, 6, 185, '', 20, ''),
(518, '2013-12-08', '', 'VK', 3, 6, 186, '', 20, ''),
(519, '2013-12-08', '', 'Tablet', 22, 1, 8, '', 50, ''),
(520, '2013-12-09', '', 'AllMyVideos', 23, 1, 7, '', 20, ''),
(521, '2013-12-09', '', 'VK', 3, 6, 187, '', 20, ''),
(522, '2013-12-09', '', 'Tablet', 22, 1, 9, '', 50, ''),
(523, '2013-12-10', '', 'Descarga', 22, 1, 10, '', 60, ''),
(524, '2013-12-10', '', 'AllMyVideos', 23, 1, 8, '', 20, ''),
(525, '2013-12-10', '', 'AllMyVideos', 23, 1, 9, '', 20, ''),
(526, '2013-12-10', '', 'AllMyVideos', 23, 1, 10, '', 20, ''),
(527, '2013-12-11', '', 'Descarga', 22, 1, 11, '', 54, ''),
(528, '2013-12-11', '', 'VK', 3, 6, 188, '', 20, ''),
(529, '2013-12-11', '', 'AllMyVideos', 23, 1, 11, '', 20, ''),
(530, '2013-12-12', '', 'Descarga', 22, 1, 12, '', 60, ''),
(531, '2013-12-12', '', 'Tablet', 13, 3, 9, '', 42, ''),
(532, '2013-12-12', '', 'VK', 3, 6, 189, '', 20, ''),
(533, '2013-12-13', '', 'VK', 3, 6, 190, '', 20, ''),
(534, '2013-12-13', '', 'Descarga', 22, 2, 1, '', 50, ''),
(535, '2013-12-13', '', 'AllMyVideos', 23, 1, 12, '', 20, ''),
(536, '2013-12-13', '', 'VK', 3, 6, 191, '', 20, ''),
(537, '2013-12-14', '', 'Descarga', 24, 1, 1, '', 59, ''),
(538, '2013-12-14', '', 'Descarga', 22, 2, 2, '', 54, ''),
(539, '2013-12-14', '', 'AllMyVideos', 23, 1, 13, '', 20, ''),
(540, '2013-12-15', '', 'Tablet', 3, 6, 192, '', 20, ''),
(541, '2013-12-15', '', 'Tablet', 3, 6, 193, '', 20, ''),
(542, '2013-12-16', '', 'Descarga', 22, 2, 3, '', 52, ''),
(543, '2013-12-16', '', 'VK', 26, 1, 1, '', 20, ''),
(544, '2013-12-16', '', 'AllMyVideos', 23, 1, 14, '', 20, ''),
(545, '2013-12-16', '', 'Descarga', 24, 1, 2, '', 50, ''),
(546, '2013-12-17', '', 'Descarga', 22, 2, 4, '', 54, ''),
(547, '2013-12-17', '', 'AllMyVideos', 23, 1, 15, '', 20, ''),
(548, '2013-12-17', '', 'AllMyVideos', 23, 1, 16, '', 20, ''),
(549, '2013-12-18', '', 'Descarga', 22, 2, 5, '', 46, ''),
(550, '2013-12-18', '', 'Descarga', 22, 2, 6, '', 55, ''),
(551, '2013-12-19', '', 'Descarga', 3, 6, 194, '', 20, ''),
(552, '2013-12-21', '', 'Tablet', 22, 2, 7, '', 53, ''),
(553, '2013-12-22', '', 'Tablet', 22, 2, 8, '', 56, ''),
(554, '2013-12-22', '', 'Tablet', 26, 1, 2, '', 20, ''),
(555, '2013-12-22', '', 'Tablet', 23, 1, 17, '', 20, ''),
(556, '2013-12-22', '', 'Tablet', 23, 1, 18, '', 20, ''),
(557, '2013-12-22', '', 'Tablet', 15, 2, 3, '', 20, ''),
(558, '2013-12-22', '', 'Tablet', 22, 2, 9, '', 45, ''),
(559, '2013-12-23', '', 'Tablet', 26, 1, 3, '', 20, ''),
(560, '2013-12-23', '', 'Tablet', 23, 1, 19, '', 20, ''),
(561, '2013-12-23', '', 'Tablet', 22, 2, 10, '', 55, ''),
(562, '2013-12-24', '', 'Tablet', 22, 2, 11, '', 55, ''),
(563, '2013-12-24', '', 'Tablet', 22, 2, 12, '', 55, ''),
(564, '2013-12-24', '', 'Tablet', 24, 1, 3, '', 55, ''),
(565, '2013-12-24', '', 'Tablet', 23, 1, 20, '', 20, ''),
(566, '2013-12-24', '', 'Tablet', 26, 1, 4, '', 20, ''),
(567, '2013-12-25', '', 'Tablet', 24, 1, 4, '', 55, ''),
(568, '2013-12-25', '', 'Tablet', 26, 1, 5, '', 20, ''),
(569, '2013-12-26', '', 'Tablet', 24, 1, 5, '', 55, ''),
(570, '2013-12-27', '', 'Tablet', 23, 1, 21, '', 20, ''),
(571, '2013-12-27', '', 'Tablet', 26, 1, 6, '', 20, ''),
(572, '2013-12-29', '', 'Tablet', 23, 1, 22, '', 20, ''),
(573, '2013-12-30', '', 'Tablet', 24, 1, 6, '', 55, ''),
(574, '2014-01-01', '', 'PS3', 23, 1, 23, '', 20, ''),
(575, '2014-01-02', '', 'Tablet', 23, 1, 24, '', 20, ''),
(576, '2014-01-03', '', 'Tablet', 24, 1, 7, '', 55, ''),
(577, '2014-01-03', '', 'Tablet', 3, 6, 195, '', 20, ''),
(578, '2014-01-04', '', 'Tablet', 12, 5, 1, '', 20, ''),
(579, '2014-01-04', '', 'Tablet', 12, 5, 2, '', 20, ''),
(580, '2014-01-04', '', 'Tablet', 24, 1, 8, '', 55, ''),
(581, '2014-01-04', '', 'Tablet', 3, 7, 196, '', 20, ''),
(582, '2014-01-05', '', 'Tablet', 3, 7, 197, '', 20, ''),
(583, '2014-01-06', '', 'Descarga', 27, 1, 1, '', 88, ''),
(584, '2014-01-06', '', 'Tablet', 3, 7, 198, '', 20, ''),
(585, '2014-01-07', '', 'Tablet', 28, 10, 18, '', 20, ''),
(586, '2014-01-07', '', 'Tablet', 28, 10, 19, '', 20, ''),
(587, '2014-01-07', '', 'Tablet', 3, 7, 199, '', 20, ''),
(588, '2014-01-08', '', 'Tablet', 24, 1, 9, '', 55, ''),
(589, '2014-01-08', '', 'Tablet', 24, 1, 10, '', 55, ''),
(590, '2014-01-08', '', 'Tablet', 3, 7, 200, '', 20, ''),
(591, '2014-01-09', '', 'Tablet', 22, 3, 1, '', 55, ''),
(592, '2014-01-09', '', 'Tablet', 3, 7, 201, '', 20, ''),
(593, '2014-01-10', '', 'Tablet', 22, 3, 2, '', 55, ''),
(594, '2014-01-10', '', 'Tablet', 13, 3, 10, '', 40, ''),
(595, '2014-01-11', '', 'Tablet', 27, 1, 2, '', 88, ''),
(596, '2014-01-11', '', 'Tablet', 12, 5, 3, '', 20, ''),
(597, '2014-01-12', '', 'Tablet', 3, 7, 202, '', 20, ''),
(598, '2014-01-12', '', 'Tablet', 22, 3, 3, '', 55, ''),
(599, '2014-01-13', '', 'Tablet', 29, 1, 1, '', 20, ''),
(600, '2014-01-14', '', 'Tablet', 29, 1, 2, '', 20, ''),
(601, '2014-01-14', '', 'Tablet', 29, 1, 3, '', 20, ''),
(602, '2014-01-15', '', 'Tablet', 22, 3, 4, '', 55, ''),
(603, '2014-01-16', '', 'Tablet', 22, 3, 5, '', 55, ''),
(604, '2014-01-16', '', 'StreamCloud', 29, 1, 4, '', 20, ''),
(605, '2014-01-17', '', 'Descarga', 27, 1, 3, '', 89, ''),
(606, '2014-01-17', '', 'Descarga', 13, 3, 11, '', 45, ''),
(607, '2014-01-17', '', 'Descarga', 5, 1, 7, '', 42, ''),
(608, '2014-01-17', '', 'StreamCloud', 12, 5, 4, '', 20, ''),
(609, '2014-01-17', '', 'AllMyVideos', 29, 1, 5, '', 20, ''),
(610, '2014-01-17', '', 'Tablet', 22, 3, 6, '', 55, ''),
(611, '2014-01-18', '', 'StreamCloud', 29, 1, 6, '', 20, ''),
(612, '2014-01-18', '', 'StreamCloud', 29, 1, 7, '', 20, ''),
(613, '2014-01-18', '', 'Tablet', 29, 1, 8, '', 20, ''),
(614, '2014-01-19', '', 'Tablet', 22, 3, 7, '', 55, ''),
(615, '2014-01-19', '', 'VidSpot', 29, 1, 9, '', 20, ''),
(616, '2014-01-19', '', 'VidSpot', 29, 1, 10, '', 20, ''),
(617, '2014-01-19', '', 'VidSpot', 29, 1, 11, '', 20, ''),
(618, '2014-01-19', '', 'VidSpot', 29, 1, 12, '', 20, ''),
(619, '2014-01-19', '', 'VidSpot', 29, 1, 13, '', 20, ''),
(620, '2014-01-20', '', 'Descarga', 22, 3, 8, '', 55, ''),
(621, '2014-01-20', '', 'StreamCloud', 3, 7, 203, '', 20, ''),
(622, '2014-01-20', '', 'Descarga', 22, 3, 9, '', 55, ''),
(623, '2014-01-21', '', 'Móvil', 22, 3, 10, '', 55, ''),
(624, '2014-01-21', '', 'Móvil', 26, 1, 7, '', 20, ''),
(625, '2014-01-21', '', 'Móvil', 22, 3, 11, '', 55, ''),
(626, '2014-01-22', '', 'Tablet', 22, 3, 12, '', 55, ''),
(627, '2014-01-22', '', 'StreamCloud', 29, 1, 14, '', 20, ''),
(628, '2014-01-23', '', 'Tablet', 13, 3, 12, '', 43, ''),
(629, '2014-01-23', '', 'VidSpot', 22, 4, 1, '', 55, ''),
(630, '2014-01-23', '', 'VidSpot', 3, 7, 204, '', 20, ''),
(631, '2014-01-24', '', 'Tablet', 12, 5, 5, '', 20, ''),
(632, '2014-01-24', '', 'Descarga', 5, 1, 8, '', 40, ''),
(633, '2014-01-25', '', 'Tablet', 22, 4, 2, '', 55, ''),
(634, '2014-01-26', '', 'YouTube', 30, 1, 1, '', 20, ''),
(635, '2014-01-26', '', 'VidSpot', 31, 1, 1, '', 24, ''),
(636, '2014-01-26', '', 'Descarga', 23, 2, 1, '', 20, ''),
(637, '2014-01-26', '', 'VK', 26, 1, 8, '', 20, ''),
(638, '2014-01-28', '', 'Descarga', 32, 1, 1, '', 60, ''),
(639, '2014-01-29', '', 'Tablet', 22, 4, 3, '', 55, ''),
(640, '2014-01-29', '', 'Descarga', 5, 1, 9, '', 40, ''),
(641, '2014-01-29', '', 'Descarga', 32, 1, 2, '', 60, ''),
(642, '2014-01-30', '', 'Tablet', 13, 3, 13, '', 47, ''),
(643, '2014-01-31', '', 'VK', 26, 1, 9, '', 20, ''),
(644, '2014-01-31', '', 'StreamCloud', 3, 7, 205, '', 20, ''),
(645, '2014-01-31', '', 'Tablet', 3, 7, 206, '', 20, ''),
(646, '2014-02-01', '', 'Tablet', 32, 1, 3, '', 60, ''),
(647, '2014-02-01', '', 'VidSpot', 12, 5, 6, '', 20, ''),
(648, '2014-02-01', '', 'YouTube', 3, 7, 207, '', 20, ''),
(649, '2014-02-03', '', 'Tablet', 22, 4, 4, '', 55, ''),
(650, '2014-02-04', '', 'VidSpot', 33, 1, 1, 'Pilot', 52, ''),
(651, '2014-02-04', '', 'StreamCloud', 29, 1, 15, '', 20, ''),
(652, '2014-02-04', '', 'StreamCloud', 3, 7, 208, '', 20, ''),
(653, '2014-02-05', '', 'VidSpot', 23, 2, 2, '', 20, ''),
(654, '2014-02-06', '', 'Descarga', 33, 1, 2, 'Grace', 50, ''),
(655, '2014-02-06', '', 'Descarga', 29, 1, 16, '', 20, ''),
(656, '2014-02-07', '', 'VidSpot', 23, 2, 3, '', 20, ''),
(657, '2014-02-08', '', 'Descarga', 22, 4, 5, '', 55, ''),
(658, '2014-02-08', '', 'Descarga', 34, 1, 2, '', 60, ''),
(659, '2014-02-08', '', 'VidSpot', 23, 2, 4, '', 20, ''),
(660, '2014-02-08', '', 'VK', 3, 7, 209, '', 20, ''),
(661, '2014-02-09', '', 'StreamCloud', 23, 2, 5, '', 20, ''),
(662, '2014-02-09', '', 'Descarga', 22, 4, 6, '', 58, ''),
(663, '2014-02-10', '', 'AllMyVideos', 23, 2, 6, '', 20, ''),
(664, '2014-02-11', '', 'VidSpot', 32, 1, 4, '', 60, ''),
(665, '2014-02-13', '', 'VidSpot', 29, 1, 17, '', 20, ''),
(666, '2014-02-15', '', 'AllMyVideos', 23, 2, 8, '', 20, ''),
(667, '2014-02-15', '', 'Descarga', 22, 4, 7, '', 55, ''),
(668, '2014-02-17', '', 'Descarga', 4, 4, 9, '', 40, ''),
(669, '2014-02-17', '', 'Descarga', 4, 4, 10, '', 40, ''),
(670, '2014-02-17', '', 'AllMyVideos', 23, 2, 9, '', 20, ''),
(671, '2014-02-26', '', 'Descarga', 34, 1, 3, '', 48, ''),
(672, '2014-02-26', '', 'VidSpot', 29, 1, 18, '', 20, ''),
(673, '2014-03-01', '', 'Tablet', 27, 2, 1, '', 90, ''),
(674, '2014-03-06', '', 'VidSpot', 32, 1, 5, '', 60, ''),
(675, '2014-03-08', '', 'Descarga', 32, 1, 6, '', 60, ''),
(676, '2014-03-08', '', 'Descarga', 29, 1, 19, '', 20, ''),
(677, '2014-03-09', '', 'Descarga', 32, 1, 7, '', 54, ''),
(678, '2014-03-09', '', 'Descarga', 12, 5, 7, '', 20, ''),
(679, '2014-03-09', '', 'Descarga', 12, 5, 8, '', 20, ''),
(680, '2014-03-10', '', 'Tablet', 32, 1, 8, '', 54, ''),
(681, '2014-03-13', '', 'VidSpot', 29, 1, 20, '', 20, ''),
(682, '2014-03-15', '', 'Tablet', 12, 5, 9, '', 20, ''),
(683, '2014-04-02', '', 'VidSpot', 35, 9, 23, '', 20, ''),
(684, '2014-04-02', '', 'VidSpot', 35, 9, 24, '', 20, ''),
(685, '2014-04-11', '', 'VidSpot', 12, 5, 10, '', 20, ''),
(686, '2014-04-17', '', 'VidSpot', 29, 1, 21, '', 20, ''),
(687, '2014-04-17', '', 'Tablet', 29, 1, 22, '', 20, ''),
(688, '2014-05-03', '', 'StreamCloud', 12, 5, 11, '', 20, ''),
(689, '2014-05-03', '', 'StreamCloud', 12, 5, 12, '', 20, ''),
(690, '2014-05-03', '', 'StreamCloud', 12, 5, 13, '', 20, ''),
(691, '2014-05-04', '', 'VK', 3, 7, 210, '', 20, ''),
(692, '2014-05-04', '', 'VidSpot', 3, 7, 211, '', 20, ''),
(693, '2014-05-04', '', 'VidSpot', 3, 7, 212, '', 20, ''),
(694, '2014-05-15', '', 'Descarga', 4, 4, 11, '', 40, ''),
(695, '2014-05-16', '', 'Descarga', 24, 2, 1, '', 50, ''),
(696, '2014-05-18', '', 'Descarga', 24, 2, 2, '', 53, ''),
(697, '2014-05-20', '', 'Descarga', 24, 2, 3, '', 52, ''),
(698, '2014-05-23', '', 'Descarga', 4, 4, 12, '', 40, ''),
(699, '2014-05-23', '', 'Descarga', 24, 2, 4, '', 50, ''),
(700, '2014-05-23', '', 'Descarga', 4, 4, 13, '', 40, ''),
(701, '2014-05-24', '', 'Descarga', 24, 2, 5, '', 50, ''),
(702, '2014-05-24', '', 'Tablet', 4, 4, 14, '', 40, ''),
(703, '2014-05-24', '', 'VidSpot', 4, 4, 15, '', 40, ''),
(704, '2014-05-25', '', 'Descarga', 4, 4, 16, '', 40, ''),
(705, '2014-05-29', '', 'Descarga', 5, 1, 10, '', 40, ''),
(706, '2014-05-29', '', 'Descarga', 5, 1, 11, '', 40, ''),
(707, '2014-06-01', '', 'Descarga', 36, 1, 1, '', 68, ''),
(708, '2014-06-03', '', 'Descarga', 36, 1, 2, '', 48, ''),
(709, '2014-06-06', '', 'Descarga', 24, 2, 6, '', 56, ''),
(710, '2014-06-08', '', 'StreamCloud', 36, 1, 3, '', 48, ''),
(711, '2014-06-16', '', 'Descarga', 37, 1, 1, '', 55, ''),
(712, '2014-06-17', '', 'Descarga', 37, 1, 2, '', 45, ''),
(713, '2014-06-19', '', 'VidSpot', 24, 2, 7, '', 56, ''),
(714, '2014-06-19', '', 'VidSpot', 36, 1, 4, '', 49, ''),
(715, '2014-06-19', '', 'Descarga', 24, 2, 8, '', 53, ''),
(716, '2014-06-20', '', 'Descarga', 24, 2, 9, '', 53, ''),
(717, '2014-06-20', '', 'Descarga', 24, 2, 10, '', 63, ''),
(718, '2014-06-20', '', 'Descarga', 24, 3, 1, '', 53, ''),
(719, '2014-06-21', '', 'Descarga', 27, 2, 2, '', 87, ''),
(720, '2014-06-21', '', 'Descarga', 24, 3, 2, '', 55, ''),
(721, '2014-06-21', '', 'Descarga', 36, 1, 5, '', 50, ''),
(722, '2014-06-21', '', 'Descarga', 24, 3, 3, '', 50, ''),
(723, '2014-06-22', '', 'Descarga', 24, 3, 4, '', 51, ''),
(724, '2014-06-22', '', 'Descarga', 36, 1, 6, '', 51, ''),
(725, '2014-06-22', '', 'Descarga', 24, 3, 5, '', 56, ''),
(726, '2014-06-22', '', 'Descarga', 24, 3, 6, '', 50, ''),
(727, '2014-06-23', '', 'Descarga', 24, 3, 7, '', 50, ''),
(728, '2014-06-23', '', 'Descarga', 24, 3, 8, '', 50, ''),
(729, '2014-06-23', '', 'Descarga', 24, 3, 9, '', 50, ''),
(730, '2014-06-23', '', 'Descarga', 24, 3, 10, '', 60, ''),
(731, '2014-06-23', '', 'Tablet', 36, 1, 7, '', 47, ''),
(732, '2014-06-23', '', 'Tablet', 24, 4, 1, '', 54, ''),
(733, '2014-06-24', '', 'Descarga', 24, 4, 2, '', 49, ''),
(734, '2014-06-24', '', 'Descarga', 24, 4, 3, '', 54, ''),
(735, '2014-06-24', '', 'Descarga', 24, 4, 4, '', 51, ''),
(736, '2014-06-25', '', 'Descarga', 24, 4, 5, '', 49, ''),
(737, '2014-06-25', '', 'Descarga', 24, 4, 6, '', 53, ''),
(738, '2014-06-25', '', 'Descarga', 24, 4, 7, '', 51, ''),
(739, '2014-06-25', '', 'Descarga', 24, 4, 8, '', 48, ''),
(740, '2014-06-25', '', 'Descarga', 24, 4, 9, '', 50, ''),
(741, '2014-06-26', '', 'Descarga', 24, 4, 10, '', 65, ''),
(742, '2014-06-26', '', 'Descarga', 34, 2, 1, '', 48, ''),
(743, '2014-06-26', '', 'Descarga', 5, 1, 12, '', 42, ''),
(744, '2014-06-26', '', 'StreamCloud', 36, 1, 8, '', 51, ''),
(745, '2014-06-26', '', 'VidSpot', 36, 1, 9, '', 51, ''),
(746, '2014-06-26', '', 'Tablet', 36, 1, 10, '', 60, ''),
(747, '2014-06-27', '', 'Descarga', 34, 2, 2, '', 42, ''),
(748, '2014-06-27', '', 'Descarga', 34, 2, 3, '', 42, ''),
(749, '2014-06-27', '', 'Descarga', 27, 2, 3, '', 88, ''),
(750, '2014-06-27', '', 'Descarga', 38, 1, 1, '', 46, ''),
(751, '2014-06-28', '', 'Descarga', 27, 3, 1, '', 86, ''),
(752, '2014-06-28', '', 'Descarga', 10, 1, 3, '', 45, ''),
(753, '2014-06-28', '', 'Descarga', 27, 3, 2, '', 85, ''),
(754, '2014-06-28', '', 'Descarga', 27, 3, 3, '', 86, ''),
(755, '2014-06-30', '', 'Tablet', 26, 1, 10, '', 24, ''),
(756, '2014-06-30', '', 'Descarga', 26, 1, 11, '', 24, ''),
(757, '2014-06-30', '', 'Descarga', 26, 1, 12, '', 21, ''),
(758, '2014-07-01', '', 'Descarga', 10, 1, 4, '', 42, ''),
(759, '2014-07-01', '', 'Descarga', 10, 1, 5, '', 39, ''),
(760, '2014-07-01', '', 'Descarga', 22, 4, 8, '', 55, ''),
(761, '2014-07-01', '', 'Descarga', 10, 1, 6, '', 39, ''),
(762, '2014-07-02', '', 'Descarga', 10, 1, 7, '', 42, ''),
(763, '2014-07-02', '', 'Descarga', 10, 1, 8, '', 43, ''),
(764, '2014-07-02', '', 'Descarga', 10, 1, 9, '', 42, ''),
(765, '2014-07-02', '', 'Descarga', 10, 1, 10, '', 42, ''),
(766, '2014-07-02', '', 'Descarga', 10, 1, 11, '', 42, ''),
(767, '2014-07-03', '', 'Descarga', 10, 1, 12, '', 45, ''),
(768, '2014-07-03', '', 'Descarga', 26, 1, 13, '', 21, ''),
(769, '2014-07-03', '', 'Descarga', 10, 1, 13, '', 59, ''),
(770, '2014-07-04', '', 'Descarga', 10, 2, 1, '', 47, ''),
(771, '2014-07-04', '', 'Descarga', 10, 2, 2, '', 41, ''),
(772, '2014-07-05', '', 'Descarga', 10, 2, 3, '', 41, ''),
(773, '2014-07-05', '', 'Descarga', 5, 1, 13, '', 41, ''),
(774, '2014-07-05', '', 'Descarga', 10, 2, 4, '', 41, ''),
(775, '2014-07-05', '', 'Descarga', 10, 2, 5, '', 43, ''),
(776, '2014-07-05', '', 'Descarga', 10, 2, 6, '', 41, ''),
(777, '2014-07-06', '', 'Descarga', 10, 2, 7, '', 44, ''),
(778, '2014-07-06', '', 'Descarga', 10, 2, 8, '', 38, ''),
(779, '2014-07-06', '', 'Descarga', 10, 2, 9, '', 44, ''),
(780, '2014-07-06', '', 'Descarga', 10, 2, 10, '', 55, ''),
(781, '2014-07-07', '', 'Descarga', 10, 2, 11, '', 44, ''),
(782, '2014-07-07', '', 'Descarga', 10, 2, 12, '', 45, ''),
(783, '2014-07-07', '', 'Descarga', 10, 2, 13, '', 60, ''),
(784, '2014-07-07', '', 'Descarga', 39, 1, 1, '', 70, ''),
(785, '2014-07-08', '', 'Descarga', 40, 1, 1, '', 59, ''),
(786, '2014-07-09', '', 'Descarga', 40, 1, 2, '', 48, ''),
(787, '2014-07-09', '', 'Descarga', 40, 1, 3, '', 50, ''),
(788, '2014-07-09', '', 'Descarga', 40, 1, 4, '', 48, ''),
(789, '2014-07-09', '', 'Descarga', 41, 1, 1, '', 42, ''),
(790, '2014-07-09', '', 'Descarga', 40, 1, 5, '', 48, ''),
(791, '2014-07-09', '', 'Tablet', 42, 1, 1, 'Pilot', 57, ''),
(792, '2014-07-10', '', 'Descarga', 40, 1, 6, '', 53, ''),
(793, '2014-07-10', '', 'Descarga', 10, 3, 1, '', 51, ''),
(794, '2014-07-10', '', 'Descarga', 10, 3, 2, '', 41, ''),
(795, '2014-07-10', '', 'Descarga', 10, 3, 3, '', 42, ''),
(796, '2014-07-10', '', 'Descarga', 10, 3, 4, '', 43, ''),
(797, '2014-07-10', '', 'Tablet', 42, 1, 2, 'Race To Space', 52, ''),
(798, '2014-07-11', '', 'Descarga', 10, 3, 5, '', 44, ''),
(799, '2014-07-11', '', 'Descarga', 10, 3, 6, '', 42, ''),
(800, '2014-07-11', '', 'Descarga', 10, 3, 7, '', 43, ''),
(801, '2014-07-11', '', 'Tablet', 42, 1, 3, '', 50, ''),
(802, '2014-07-12', '', 'Descarga', 10, 3, 8, '', 55, ''),
(803, '2014-07-13', '', 'Descarga', 10, 3, 9, '', 44, ''),
(804, '2014-07-13', '', 'Descarga', 10, 3, 10, '', 44, ''),
(805, '2014-07-13', '', 'Descarga', 10, 3, 11, '', 45, ''),
(806, '2014-07-14', '', 'Descarga', 10, 3, 12, '', 46, ''),
(807, '2014-07-14', '', 'Descarga', 10, 3, 13, '', 59, ''),
(808, '2014-07-15', '', 'Descarga', 10, 4, 1, '', 55, ''),
(809, '2014-07-16', '', 'Descarga', 43, 1, 1, '', 69, ''),
(810, '2014-07-16', '', 'Descarga', 40, 2, 1, '', 53, ''),
(811, '2014-07-17', '', 'Tablet', 42, 1, 4, '', 51, ''),
(812, '2014-07-18', '', 'Descarga', 10, 4, 2, '', 44, ''),
(813, '2014-07-19', '', 'Descarga', 40, 2, 2, '', 50, ''),
(814, '2014-07-19', '', 'Descarga', 10, 4, 3, '', 40, ''),
(815, '2014-07-20', '', 'Descarga', 10, 4, 4, '', 39, ''),
(816, '2014-07-21', '', 'Descarga', 10, 4, 5, '', 41, ''),
(817, '2014-07-22', '', 'Descarga', 10, 4, 6, '', 40, ''),
(818, '2014-07-22', '', 'Descarga', 43, 1, 2, '', 40, ''),
(819, '2014-07-22', '', 'VidSpot', 23, 2, 10, '', 20, ''),
(820, '2014-07-23', '', 'Descarga', 10, 4, 7, '', 39, ''),
(821, '2014-07-23', '', 'Descarga', 10, 4, 8, '', 42, ''),
(822, '2014-07-23', '', 'Descarga', 40, 2, 3, '', 49, ''),
(823, '2014-09-05', '', 'Descarga', 10, 4, 9, '', 44, ''),
(824, '2014-09-06', '', 'Descarga', 10, 4, 10, '', 40, ''),
(825, '2014-09-06', '', 'Descarga', 10, 4, 11, '', 47, ''),
(826, '2014-09-07', '', 'Descarga', 10, 4, 12, '', 45, ''),
(827, '2014-09-08', '', 'Descarga', 10, 4, 13, '', 43, ''),
(828, '2014-09-08', '', 'Descarga', 10, 4, 14, '', 40, ''),
(829, '2014-09-10', '', 'Descarga', 10, 5, 1, '', 55, ''),
(830, '2014-09-11', '', 'Descarga', 10, 5, 2, '', 45, ''),
(831, '2014-09-11', '', 'Descarga', 10, 5, 3, '', 45, ''),
(832, '2014-09-11', '', 'Descarga', 10, 5, 4, '', 42, ''),
(833, '2014-09-12', '', 'Descarga', 10, 5, 5, '', 44, ''),
(834, '2014-09-12', '', 'Descarga', 10, 5, 6, '', 44, ''),
(835, '2014-09-12', '', 'Descarga', 10, 5, 7, '', 41, ''),
(836, '2014-09-13', '', 'Descarga', 10, 5, 8, '', 43, ''),
(837, '2014-09-13', '', 'Descarga', 10, 5, 9, '', 49, ''),
(838, '2014-09-14', '', 'Descarga', 10, 5, 10, '', 56, ''),
(839, '2014-09-14', '', 'VidSpot', 10, 5, 11, '', 56, ''),
(840, '2014-09-15', '', 'Descarga', 10, 5, 12, '', 59, ''),
(841, '2014-09-15', '', 'Descarga', 10, 5, 13, '', 61, ''),
(842, '2014-09-15', '', 'Descarga', 10, 6, 1, '', 60, ''),
(843, '2014-09-15', '', 'Descarga', 10, 6, 2, '', 56, ''),
(844, '2014-09-16', '', 'Descarga', 10, 6, 3, '', 50, ''),
(845, '2014-09-29', '', 'TV', 23, 2, 11, '', 20, ''),
(846, '2014-09-30', '', 'Descarga', 10, 6, 4, '', 60, ''),
(847, '2014-10-03', '', 'Descarga', 10, 6, 5, '', 60, ''),
(848, '2014-10-04', '', 'Descarga', 10, 6, 6, '', 61, ''),
(849, '2014-10-04', '', 'Descarga', 10, 6, 7, '', 51, ''),
(850, '2014-10-06', '', 'Descarga', 10, 6, 8, '', 49, ''),
(851, '2014-10-08', '', 'StreamCloud', 29, 2, 1, '', 21, ''),
(852, '2014-10-09', '', 'Móvil', 29, 2, 2, '', 21, ''),
(853, '2014-10-10', '', 'StreamCloud', 13, 4, 1, '', 62, ''),
(854, '2014-10-10', '', 'Descarga', 10, 6, 9, '', 61, ''),
(855, '2014-10-11', '', 'Descarga', 10, 6, 10, '', 60, ''),
(856, '2014-10-12', '', 'Tablet', 10, 6, 11, '', 60, ''),
(857, '2014-10-13', '', 'Descarga', 10, 6, 12, '', 62, ''),
(858, '2014-10-13', '', 'Descarga', 10, 6, 13, '', 80, ''),
(859, '2014-10-14', '', 'Móvil', 29, 2, 3, '', 21, ''),
(860, '2014-10-15', '', 'Descarga', 4, 5, 1, '', 43, ''),
(861, '2014-10-15', '', 'Descarga', 10, 7, 1, '', 74, ''),
(862, '2014-10-16', '', 'Descarga', 38, 1, 2, '', 42, ''),
(863, '2014-10-16', '', 'Descarga', 13, 4, 2, '', 55, ''),
(864, '2014-10-18', '', 'Descarga', 10, 7, 2, '', 50, ''),
(865, '2014-10-18', '', 'PlayedTo', 10, 7, 3, '', 50, ''),
(866, '2014-10-18', '', 'PlayedTo', 10, 7, 4, '', 50, ''),
(867, '2014-10-18', '', 'StreamCloud', 10, 7, 5, '', 50, ''),
(868, '2014-10-22', '', 'Descarga', 10, 7, 6, '', 60, ''),
(869, '2014-10-23', '', 'Descarga', 10, 7, 7, '', 61, ''),
(870, '2014-10-24', '', 'Descarga', 22, 4, 9, '', 55, ''),
(871, '2014-10-24', '', 'Descarga', 13, 4, 3, '', 55, ''),
(872, '2014-10-24', '', 'Tablet', 38, 1, 3, '', 42, ''),
(873, '2014-10-24', '', 'Tablet', 22, 4, 10, '', 50, ''),
(874, '2014-10-25', '', 'StreamCloud', 29, 2, 4, '', 21, ''),
(875, '2014-10-25', '', 'Descarga', 22, 4, 11, '', 54, ''),
(876, '2014-10-26', '', 'StreamCloud', 3, 7, 213, '', 20, ''),
(877, '2014-10-26', '', 'StreamCloud', 3, 7, 214, '', 20, ''),
(878, '2014-10-28', '', 'Descarga', 22, 4, 12, '', 55, ''),
(879, '2014-10-28', '', 'StreamCloud', 3, 7, 215, '', 20, ''),
(880, '2014-10-28', '', 'StreamCloud', 3, 7, 216, '', 20, ''),
(881, '2014-10-28', '', 'StreamCloud', 3, 7, 217, '', 20, ''),
(882, '2014-10-28', '', 'StreamCloud', 3, 7, 218, '', 20, ''),
(883, '2014-10-29', '', 'VidSpot', 3, 7, 219, '', 20, '');
INSERT INTO `capitulo` (`id_capitulo`, `fecha`, `medio`, `formato`, `serie`, `s`, `e`, `Titulo`, `Duracion`, `Comentario`) VALUES
(884, '2014-10-29', '', 'StreamCloud', 3, 7, 220, '', 20, ''),
(885, '2014-10-29', '', 'VidSpot', 3, 7, 221, '', 20, ''),
(886, '2014-10-30', '', 'Descarga', 10, 7, 8, '', 56, ''),
(887, '2014-10-31', '', 'PlayedTo', 38, 1, 4, '', 42, ''),
(888, '2014-10-31', '', 'StreamCloud', 3, 7, 222, '', 20, ''),
(889, '2014-10-31', '', 'Descarga', 13, 4, 4, '', 44, ''),
(890, '2014-10-31', '', 'TV', 3, 7, 223, '', 20, ''),
(891, '2014-10-31', '', 'StreamCloud', 3, 7, 224, '', 20, ''),
(892, '2014-11-02', '', 'VidSpot', 3, 7, 225, '', 20, ''),
(893, '2014-11-02', '', 'VidSpot', 3, 7, 226, '', 20, ''),
(894, '2014-11-02', '', 'VK', 3, 7, 227, '', 20, ''),
(895, '2014-11-04', '', 'Tablet', 3, 7, 228, '', 20, ''),
(896, '2014-11-05', '', 'StreamCloud', 29, 2, 5, '', 20, ''),
(897, '2014-11-05', '', 'Descarga', 4, 5, 3, '', 41, ''),
(898, '2014-11-05', '', 'VK', 3, 8, 229, '', 20, ''),
(899, '2014-11-05', '', 'VK', 3, 8, 230, '', 20, ''),
(900, '2014-11-07', '', 'VK', 3, 8, 231, '', 20, ''),
(901, '2014-11-07', '', 'Descarga', 10, 7, 9, '', 61, ''),
(902, '2014-11-07', '', 'Descarga', 4, 5, 4, '', 40, ''),
(903, '2014-11-07', '', 'Descarga', 13, 4, 5, '', 44, ''),
(904, '2014-11-07', '', 'Descarga', 22, 5, 1, '', 57, ''),
(905, '2014-11-08', '', 'VK', 3, 8, 232, '', 20, ''),
(906, '2014-11-08', '', 'VK', 3, 8, 233, '', 20, ''),
(907, '2014-11-08', '', 'VK', 3, 8, 234, '', 20, ''),
(908, '2014-11-09', '', 'Descarga', 44, 13, 1, '', 45, ''),
(909, '2014-11-09', '', 'Descarga', 22, 5, 2, '', 55, ''),
(910, '2014-11-09', '', 'Descarga', 22, 5, 3, '', 53, ''),
(911, '2014-11-10', '', 'Descarga', 22, 5, 4, '', 53, ''),
(912, '2014-11-10', '', 'Descarga', 22, 5, 5, '', 58, ''),
(913, '2014-11-10', '', 'Descarga', 22, 5, 6, '', 58, ''),
(914, '2014-11-11', '', 'Descarga', 22, 5, 7, '', 56, ''),
(915, '2014-11-11', '', 'Descarga', 22, 5, 8, '', 59, ''),
(916, '2014-11-12', '', 'Descarga', 5, 2, 1, '', 43, ''),
(917, '2014-11-12', '', 'Descarga', 5, 2, 2, '', 43, ''),
(918, '2014-11-12', '', 'Descarga', 4, 5, 5, '', 43, ''),
(919, '2014-11-12', '', 'Descarga', 29, 2, 6, '', 20, ''),
(920, '2014-11-13', '', 'Descarga', 10, 7, 10, '', 69, ''),
(921, '2014-11-13', '', 'Descarga', 38, 1, 5, '', 42, ''),
(922, '2014-11-13', '', 'Descarga', 5, 2, 3, '', 43, ''),
(923, '2014-11-13', '', 'Descarga', 5, 2, 4, '', 42, ''),
(924, '2014-11-14', '', 'Descarga', 5, 2, 5, '', 42, ''),
(925, '2014-11-14', '', 'Descarga', 5, 2, 6, '', 42, ''),
(926, '2014-11-14', '', 'Descarga', 13, 4, 6, '', 48, ''),
(927, '2014-11-14', '', 'Descarga', 5, 2, 7, '', 41, ''),
(928, '2014-11-15', '', 'Descarga', 5, 2, 8, '', 43, ''),
(929, '2014-11-15', '', 'Descarga', 5, 2, 9, '', 41, ''),
(930, '2014-11-16', '', 'Descarga', 5, 2, 10, '', 41, ''),
(931, '2014-11-16', '', 'Descarga', 5, 2, 11, '', 40, ''),
(932, '2014-11-17', '', 'Descarga', 5, 2, 12, '', 43, ''),
(933, '2014-11-17', '', 'Descarga', 5, 2, 13, '', 43, ''),
(934, '2014-11-20', '', 'Descarga', 10, 7, 11, '', 76, ''),
(935, '2014-11-20', '', 'Descarga', 13, 4, 7, '', 45, ''),
(936, '2014-11-21', '', 'Grabada', 45, 1, 1, '', 79, ''),
(937, '2014-11-21', '', 'Grabada', 45, 1, 2, '', 68, ''),
(938, '2014-11-22', '', 'Descarga', 38, 1, 6, '', 42, ''),
(939, '2014-11-22', '', 'Descarga', 29, 2, 7, '', 20, ''),
(940, '2014-11-23', '', 'Descarga', 46, 1, 1, '', 43, ''),
(941, '2014-11-23', '', 'Descarga', 47, 1, 1, '', 45, ''),
(942, '2014-11-24', '', 'Tablet', 47, 1, 2, '', 43, ''),
(943, '2014-11-25', '', 'Descarga', 47, 1, 3, '', 43, ''),
(944, '2014-11-27', '', 'Descarga', 38, 1, 7, '', 42, ''),
(945, '2014-11-27', '', 'Descarga', 29, 2, 8, '', 20, ''),
(946, '2014-11-28', '', 'Descarga', 47, 1, 4, '', 43, ''),
(947, '2014-11-29', '', 'Descarga', 47, 1, 5, '', 43, ''),
(948, '2014-11-29', '', 'Descarga', 47, 1, 6, '', 43, ''),
(949, '2014-11-30', '', 'Descarga', 47, 1, 7, '', 43, ''),
(950, '2014-11-30', '', 'Descarga', 47, 1, 8, '', 43, ''),
(951, '2014-12-01', '', 'Descarga', 47, 1, 9, '', 43, ''),
(952, '2014-12-03', '', 'Descarga', 29, 2, 9, '', 20, ''),
(953, '2014-12-04', '', 'Descarga', 10, 7, 12, '', 79, ''),
(954, '2014-12-05', '', 'Descarga', 13, 4, 8, '', 45, ''),
(955, '2014-12-06', '', 'Descarga', 38, 1, 8, '', 43, ''),
(956, '2014-12-06', '', 'Descarga', 47, 1, 10, '', 43, ''),
(957, '2014-12-06', '', 'Descarga', 46, 1, 2, '', 43, ''),
(958, '2014-12-12', '', 'Descarga', 29, 2, 10, '', 21, ''),
(959, '2014-12-12', '', 'Descarga', 10, 7, 13, '', 66, ''),
(960, '2014-12-12', '', 'Descarga', 13, 4, 9, '', 45, ''),
(961, '2014-12-13', '', 'Descarga', 38, 1, 9, '', 42, ''),
(962, '2014-12-14', '', 'Descarga', 46, 1, 3, '', 43, ''),
(963, '2014-12-15', '', 'Descarga', 46, 1, 4, '', 43, ''),
(964, '2014-12-15', '', 'Descarga', 4, 5, 6, '', 42, ''),
(965, '2014-12-16', '', 'Descarga', 46, 1, 5, '', 43, ''),
(966, '2014-12-16', '', 'Descarga', 4, 5, 7, '', 42, ''),
(967, '2014-12-18', '', 'Descarga', 46, 1, 6, '', 42, ''),
(968, '2014-12-18', '', 'Descarga', 4, 5, 7, '', 42, ''),
(969, '2014-12-18', '', 'Descarga', 46, 1, 7, '', 43, ''),
(970, '2014-12-19', '', 'Descarga', 34, 2, 0, '', 73, ''),
(971, '2014-12-19', '', 'Tablet', 13, 4, 10, '', 45, ''),
(972, '2014-12-19', '', 'Tablet', 46, 1, 8, '', 43, ''),
(973, '2014-12-20', '', 'Descarga', 46, 1, 9, '', 42, ''),
(974, '2014-12-21', '', 'Descarga', 29, 2, 11, '', 21, ''),
(976, '2014-12-22', '', 'Descarga', 48, 1, 1, '', 68, ''),
(977, '2014-12-22', '', 'Descarga', 48, 1, 2, '', 47, ''),
(978, '2014-12-24', '', 'Tablet', 48, 1, 3, '', 45, ''),
(979, '2014-12-24', '', 'Descarga', 48, 1, 4, '', 42, ''),
(980, '2014-12-25', '', 'Descarga', 48, 1, 5, '', 39, ''),
(981, '2014-12-28', '', 'Descarga', 48, 1, 6, '', 49, ''),
(982, '2014-12-29', '', 'Descarga', 48, 1, 7, '', 40, ''),
(983, '2014-12-29', '', 'Tablet', 48, 1, 8, '', 47, ''),
(984, '2014-12-30', '', 'Descarga', 48, 1, 9, '', 48, ''),
(985, '2014-12-30', '', 'Descarga', 48, 1, 10, '', 45, ''),
(986, '2014-12-31', '', 'Descarga', 48, 1, 11, '', 41, ''),
(1871, '2015-01-01', 'Tablet', 'Descarga', 48, 1, 12, 'The Oath', 42, ''),
(1872, '2015-01-01', 'Tablet', 'Descarga', 48, 1, 13, 'The Colonel', 47, ''),
(1873, '2015-01-02', 'TV', 'Descarga', 48, 2, 1, 'Comrades', 47, ''),
(1874, '2015-01-03', 'PC', 'Descarga', 48, 2, 2, 'Cardinal', 44, ''),
(1875, '2015-01-03', 'TV', 'Descarga', 48, 2, 3, 'The Walk In', 44, ''),
(1876, '2015-01-03', 'Tablet', 'Descarga', 48, 2, 4, 'A Little Night Music', 43, ''),
(1877, '2015-01-04', 'Tablet', 'Descarga', 48, 2, 5, 'The Deal', 53, ''),
(1878, '2015-01-05', 'Tablet', 'Descarga', 48, 2, 6, 'Behind the Red Door', 48, ''),
(1879, '2015-01-05', 'PC', 'Descarga', 48, 2, 7, 'Arpanet', 41, ''),
(1880, '2015-01-05', 'Tablet', 'Descarga', 48, 2, 8, 'New Car', 48, ''),
(1881, '2015-01-06', 'PC', 'Descarga', 47, 1, 11, 'Rogue\'s Gallery', 44, ''),
(1882, '2015-01-06', 'Tablet', 'Descarga', 48, 2, 9, 'Martial Eagle', 48, ''),
(1883, '2015-01-06', 'Tablet', 'Descarga', 48, 2, 10, 'Yousaf', 48, ''),
(1884, '2015-01-07', 'PC', 'Descarga', 48, 2, 11, 'Stealth', 45, ''),
(1885, '2015-01-07', 'PC', 'Descarga', 48, 2, 12, 'Operation Chronicle', 48, ''),
(1886, '2015-01-07', 'PC', 'Descarga', 29, 2, 12, 'Beach House', 21, ''),
(1887, '2015-01-08', 'PC', 'Descarga', 48, 2, 13, 'Echo', 46, ''),
(1888, '2015-01-09', 'PC', 'Descarga', 49, 1, 1, 'Rites of Passage', 44, ''),
(1889, '2015-01-10', 'PC', 'Descarga', 13, 4, 11, 'Magical Thinking', 42, ''),
(1890, '2015-01-10', 'PC', 'Descarga', 50, 1, 1, 'Chapter 1', 55, ''),
(1891, '2015-01-10', 'TV', 'Descarga', 49, 1, 2, 'Wrath of the Northmen', 44, ''),
(1892, '2015-01-10', 'Tablet', 'Descarga', 49, 1, 3, 'Dispossessed', 44, ''),
(1893, '2015-01-11', 'PC', 'Descarga', 49, 1, 4, 'Trial', 44, ''),
(1894, '2015-01-11', 'Tablet', 'Descarga', 49, 1, 5, 'Raid', 44, ''),
(1895, '2015-01-11', 'Tablet', 'Descarga', 49, 1, 6, 'Burial of the Dead', 44, ''),
(1896, '2015-01-12', 'PC', 'Descarga', 29, 2, 13, 'Payback', 21, ''),
(1897, '2015-01-12', 'TV', 'Descarga', 49, 1, 7, 'A King\'s Ransom', 44, ''),
(1898, '2015-01-13', 'TV', 'Descarga', 49, 1, 8, 'Sacrifice', 44, ''),
(1899, '2015-01-13', 'TV', 'Descarga', 49, 1, 9, 'All Change', 44, ''),
(1900, '2015-01-14', 'PC', 'Descarga', 50, 1, 2, 'Chapter 2', 48, ''),
(1901, '2015-01-14', 'Tablet', 'Descarga', 51, 1, 1, 'Now Is Not the End', 40, ''),
(1902, '2015-01-15', 'PC', 'Descarga', 50, 1, 3, 'Chapter 3', 48, ''),
(1903, '2015-01-16', 'TV', 'Descarga', 13, 4, 12, 'Show Stoppers', 44, ''),
(1904, '2015-01-16', 'PC', 'Descarga', 51, 1, 2, 'Bridge and Tunnel', 39, ''),
(1905, '2015-01-17', 'PC', 'Descarga', 51, 1, 3, 'Time and Tide', 40, ''),
(1906, '2015-01-17', 'PC', 'Descarga', 50, 1, 4, 'Chapter 4', 46, ''),
(1907, '2015-01-18', 'PC', 'Descarga', 52, 1, 1, 'Splinter', 46, ''),
(1908, '2015-01-18', 'Móvil', 'Descarga', 50, 1, 5, 'Chapter 5', 49, ''),
(1909, '2015-01-18', 'Móvil', 'Descarga', 50, 1, 6, 'Chapter 6', 49, ''),
(1910, '2015-01-19', 'TV', 'Descarga', 50, 1, 7, 'Chapter 7', 48, ''),
(1911, '2015-01-19', 'PC', 'Descarga', 53, 1, 1, 'Pilot', 45, ''),
(1912, '2015-01-19', 'TV', 'Descarga', 50, 1, 8, 'Chapter 8', 48, ''),
(1913, '2015-01-21', 'TV', 'Descarga', 47, 1, 12, 'What the Little Bird Told Him', 44, ''),
(1914, '2015-01-21', 'PC', 'Online', 54, 1, 1, 'Metamorphosis', 22, ''),
(1915, '2015-01-21', 'PC', 'Online', 55, 1, 1, 'Tragedy', 26, ''),
(1916, '2015-01-22', 'PC', 'Descarga', 38, 1, 10, 'The Revenge of the Rogues', 42, ''),
(1917, '2015-01-22', 'PC', 'Descarga', 50, 1, 9, 'Chapter 9', 48, ''),
(1918, '2015-01-22', 'PC', 'Online', 55, 1, 2, 'Incubation', 22, ''),
(1919, '2015-01-22', 'PC', 'Descarga', 26, 1, 15, 'Envy from the East', 21, ''),
(1920, '2015-01-22', 'PC', 'Descarga', 13, 4, 13, 'Curtain Call', 54, ''),
(1921, '2015-01-23', 'Móvil', 'Descarga', 50, 1, 10, 'Chapter 10', 50, ''),
(1922, '2015-01-24', 'PC', 'Descarga', 52, 1, 2, 'Mentally Divergent', 42, ''),
(1923, '2015-01-27', 'PC', 'Descarga', 29, 2, 14, 'Defense Rests', 21, ''),
(1924, '2015-01-30', 'TV', 'Descarga', 47, 1, 13, 'Welcome Back, Jim Gordon', 44, ''),
(1925, '2015-01-30', 'TV', 'Descarga', 51, 1, 4, 'The Blitzkrieg Button', 40, ''),
(1926, '2015-01-30', 'TV', 'Descarga', 38, 1, 11, 'The Sound and the Fury', 42, ''),
(1927, '2015-01-30', 'Tablet', 'Descarga', 48, 3, 1, 'EST Men', 46, ''),
(1928, '2015-01-31', 'PC', 'Descarga', 46, 1, 10, 'Hello, Raskolnikov', 42, ''),
(1929, '2015-02-01', 'PC', 'Descarga', 50, 1, 11, 'Chapter 11', 53, ''),
(1930, '2015-02-03', 'TV', 'Descarga', 50, 1, 12, 'Chapter 12', 52, ''),
(1931, '2015-02-06', 'Tablet', 'Descarga', 52, 1, 3, 'Cassandra Complex', 42, ''),
(1932, '2015-02-07', 'TV', 'Descarga', 48, 3, 2, 'Baggage', 42, ''),
(1933, '2015-02-07', 'TV', 'Descarga', 46, 1, 11, 'Best Christmas Ever', 42, ''),
(1934, '2015-02-08', 'Tablet', 'Descarga', 47, 1, 14, 'The Fearsome Dr. Crane', 44, ''),
(1935, '2015-02-09', 'PC', 'Descarga', 51, 1, 5, 'The Iron Ceiling', 40, ''),
(1936, '2015-02-09', 'PC', 'Descarga', 38, 1, 12, 'Crazy For You', 42, ''),
(1937, '2015-02-09', 'PC', 'Descarga', 56, 1, 1, 'Uno', 52, ''),
(1938, '2015-02-09', 'Móvil', 'Descarga', 52, 1, 4, 'Atari', 42, ''),
(1939, '2015-02-10', 'PC', 'Descarga', 29, 2, 15, 'Windbreaker City', 21, ''),
(1940, '2015-02-10', 'PC', 'Descarga', 56, 1, 2, 'Mijo', 46, ''),
(1941, '2015-02-11', 'TV', 'Descarga', 50, 1, 13, 'Chapter 13', 49, ''),
(1942, '2015-02-11', 'PC', 'Descarga', 49, 2, 1, 'Brother\'s War', 44, ''),
(1943, '2015-02-12', 'TV', 'Descarga', 38, 1, 13, 'Nuclear Man', 42, ''),
(1944, '2015-02-13', 'Tablet', 'Descarga', 47, 1, 15, 'The Scarecrow', 40, ''),
(1945, '2015-02-13', 'Tablet', 'Descarga', 49, 2, 2, 'Invasion', 44, ''),
(1946, '2015-02-13', 'Tablet', 'Descarga', 49, 2, 3, 'Treachery', 44, ''),
(1947, '2015-02-13', 'Tablet', 'Descarga', 49, 2, 4, 'Eye for an Eye', 44, ''),
(1948, '2015-02-14', 'Tablet', 'Descarga', 48, 3, 3, 'Open House', 40, ''),
(1949, '2015-02-14', 'Tablet', 'Descarga', 49, 2, 5, 'Answer in Blood', 44, ''),
(1950, '2015-02-15', 'Tablet', 'Descarga', 46, 1, 12, 'She\'s a Murderer', 42, ''),
(1951, '2015-02-15', 'Tablet', 'Descarga', 49, 2, 6, 'Unforgiven', 44, ''),
(1952, '2015-02-15', 'Tablet', 'Descarga', 49, 2, 7, 'Blood Eagle', 44, ''),
(1953, '2015-02-15', 'Tablet', 'Descarga', 50, 2, 1, 'Chapter 14', 49, ''),
(1954, '2015-02-16', 'Tablet', 'Descarga', 49, 2, 8, 'Boneless', 44, ''),
(1955, '2015-02-16', 'Tablet', 'Descarga', 50, 2, 2, 'Chapter 15', 50, ''),
(1956, '2015-02-17', 'Tablet', 'Descarga', 29, 2, 16, 'The Wednesday Incident', 21, ''),
(1957, '2015-02-17', 'Tablet', 'Descarga', 49, 2, 9, 'The Choice', 44, ''),
(1958, '2015-02-17', 'Tablet', 'Descarga', 52, 1, 5, 'The Night Room', 40, ''),
(1959, '2015-02-17', 'Tablet', 'Descarga', 49, 2, 10, 'The Lord\'s Prayer', 44, ''),
(1960, '2015-02-17', 'Tablet', 'Descarga', 56, 1, 3, 'Nacho', 42, ''),
(1961, '2015-02-19', 'TV', 'Descarga', 47, 1, 16, 'The Blind Fortune Teller', 40, ''),
(1962, '2015-02-20', 'TV', 'Descarga', 4, 5, 9, 'What Happened and What\'s Going On', 42, ''),
(1963, '2015-02-20', 'TV', 'Descarga', 49, 3, 1, 'Mercenary', 44, ''),
(1964, '2015-02-20', 'PC', 'Descarga', 50, 2, 3, 'Chapter 16', 48, ''),
(1965, '2015-02-20', 'Tablet', 'Descarga', 48, 3, 4, 'Dimebag', 44, ''),
(1966, '2015-02-21', 'Tablet', 'Descarga', 38, 1, 14, 'Fallout', 42, ''),
(1967, '2015-02-22', 'PC', 'Descarga', 46, 1, 13, 'Mama\'s Here Now', 42, ''),
(1968, '2015-02-22', 'PC', 'Descarga', 50, 2, 4, 'Chapter 17', 47, ''),
(1969, '2015-02-22', 'PC', 'Descarga', 51, 1, 6, 'A Sin to Err', 40, ''),
(1970, '2015-02-24', 'PC', 'Descarga', 56, 1, 4, 'Hero', 46, ''),
(1971, '2015-02-24', 'PC', 'Descarga', 51, 1, 7, 'SNAFU', 40, ''),
(1972, '2015-02-25', 'PC', 'Descarga', 51, 1, 8, 'Valediction', 42, ''),
(1973, '2015-02-25', 'Móvil', 'Descarga', 47, 1, 17, 'Red Hood', 44, ''),
(1974, '2015-02-26', 'PC', 'Descarga', 50, 2, 5, 'Chapter 18', 46, ''),
(1975, '2015-02-27', 'TV', 'Descarga', 4, 5, 10, 'Them', 40, ''),
(1976, '2015-02-27', 'PC', 'Descarga', 49, 3, 2, 'The Wanderer', 42, ''),
(1977, '2015-02-27', 'TV', 'Descarga', 4, 5, 11, 'The Distance', 40, ''),
(1978, '2015-02-28', 'PC', 'Descarga', 50, 2, 6, 'Chapter 19', 49, ''),
(1979, '2015-03-02', 'PC', 'Descarga', 46, 1, 14, 'The Night Lila Died', 42, ''),
(1980, '2015-03-02', 'PC', 'Descarga', 46, 1, 15, 'It\'s All My Fault', 42, ''),
(1981, '2015-03-02', 'PC', 'Descarga', 29, 2, 17, 'Boyle-Linetti Wedding', 21, ''),
(1982, '2015-03-02', 'PC', 'Descarga', 52, 1, 6, 'The Red Forest', 40, ''),
(1983, '2015-03-03', 'PC', 'Descarga', 57, 1, 1, 'Natural Selection', 44, ''),
(1984, '2015-03-03', 'PC', 'Descarga', 58, 1, 1, 'Alive in Tuscon', 21, ''),
(1985, '2015-03-03', 'PC', 'Descarga', 58, 1, 2, 'The Elephant in the Room', 21, ''),
(1986, '2015-03-03', 'PC', 'Descarga', 56, 1, 5, 'Alpine Shepherd Boy', 44, ''),
(1987, '2015-03-04', 'PC', 'Descarga', 47, 1, 18, 'Everyone Has a Cobblepot', 44, ''),
(1988, '2015-03-06', 'PC', 'Descarga', 57, 1, 2, 'Instinct', 44, ''),
(1989, '2015-03-06', 'TV', 'Descarga', 49, 3, 3, 'Warrior\'s Fate', 43, ''),
(1990, '2015-03-08', 'Tablet', 'Descarga', 48, 3, 5, 'Salang Pass', 42, ''),
(1991, '2015-03-10', 'TV', 'Descarga', 57, 1, 3, 'Variation Under Nature', 42, ''),
(1992, '2015-03-10', 'PC', 'Descarga', 58, 1, 3, 'Raisin Balls and Wedding Bells', 21, ''),
(1993, '2015-03-11', 'PC', 'Descarga', 56, 1, 6, 'Five-O', 42, ''),
(1994, '2015-03-14', 'PC', 'Descarga', 48, 3, 6, 'Born Again', 45, ''),
(1995, '2015-03-14', 'PC', 'Descarga', 29, 2, 18, 'Captain Peralta', 21, ''),
(1996, '2015-03-15', 'TV', 'Descarga', 48, 3, 7, 'Walter Taffet', 44, ''),
(1997, '2015-03-16', 'PC', 'Descarga', 58, 1, 4, 'Sweet Melissa', 21, ''),
(1998, '2015-03-16', 'PC', 'Descarga', 57, 1, 4, 'Effects of External Conditions', 42, ''),
(1999, '2015-03-17', 'PC', 'Descarga', 49, 3, 4, 'Scarred', 42, ''),
(2000, '2015-03-17', 'PC', 'Descarga', 29, 2, 19, 'Sabotage', 21, ''),
(2001, '2015-03-17', 'PC', 'Descarga', 56, 1, 7, 'Bingo', 47, ''),
(2002, '2015-03-18', 'TV', 'Descarga', 12, 6, 1, 'Ladders', 27, ''),
(2003, '2015-03-18', 'TV', 'Descarga', 57, 1, 5, 'Conditions of Existencie', 43, ''),
(2004, '2015-03-19', 'PC', 'Descarga', 12, 6, 2, 'Lawnmover Maintenance and Postnatal Care', 26, ''),
(2005, '2015-03-19', 'TV', 'Descarga', 4, 5, 12, 'Remember', 40, ''),
(2006, '2015-03-20', 'PC', 'Descarga', 49, 3, 5, 'The Usurper', 43, ''),
(2007, '2015-03-24', 'PC', 'Descarga', 38, 1, 15, 'Out of Time', 42, ''),
(2008, '2015-03-24', 'PC', 'Descarga', 58, 1, 5, 'Dunk the Skunk', 21, ''),
(2009, '2015-03-24', 'PC', 'Descarga', 58, 1, 6, 'Some Friggin\' Fat Guy', 21, ''),
(2010, '2015-03-25', 'PC', 'Descarga', 56, 1, 8, 'Rico', 47, ''),
(2011, '2015-03-25', 'PC', 'Descarga', 57, 1, 6, 'Variations Under Domestication', 44, ''),
(2012, '2015-03-25', 'PC', 'Descarga', 12, 6, 3, 'Basic Crisis Room Decorum', 24, ''),
(2013, '2015-03-25', 'TV', 'Descarga', 57, 1, 7, 'Parts Developed In An Unusual Manner', 43, ''),
(2014, '2015-03-26', 'TV', 'Descarga', 38, 1, 16, 'Rogue Time', 42, ''),
(2015, '2015-03-26', 'PC', 'Descarga', 57, 1, 8, 'Entangled Bank', 43, ''),
(2016, '2015-03-26', 'TV', 'Descarga', 57, 1, 9, 'Unconscious Selection', 43, ''),
(2017, '2015-03-26', 'TV', 'Descarga', 57, 1, 10, 'Endless Forms Most Beautiful', 43, ''),
(2018, '2015-03-27', 'Móvil', 'Descarga', 57, 2, 1, 'Nature Under Constraint and Vexed', 42, ''),
(2019, '2015-03-30', 'Móvil', 'Descarga', 57, 2, 2, 'Governed By Sound and True Religion', 42, ''),
(2020, '2015-03-30', 'Móvil', 'Descarga', 57, 2, 3, 'Mingling Its Own Nature With It', 42, ''),
(2021, '2015-03-31', 'PC', 'Online', 57, 2, 4, 'Governed As It Were By Chance', 43, ''),
(2022, '2015-03-31', 'PC', 'Descarga', 56, 1, 9, 'Pimento', 47, ''),
(2023, '2015-04-01', 'Móvil', 'Descarga', 49, 3, 6, 'Born Again', 42, ''),
(2024, '2015-04-01', 'PC', 'Descarga', 12, 6, 4, 'Queers Studies & Advanced Waxing', 30, ''),
(2025, '2015-04-01', 'PC', 'Descarga', 58, 1, 7, 'She Drives Me Crazy', 21, ''),
(2026, '2015-04-02', 'TV', 'Descarga', 48, 3, 8, 'Divestment', 43, ''),
(2027, '2015-04-02', 'PC', 'Descarga', 58, 1, 8, 'Mooovin\' In', 20, ''),
(2028, '2015-04-03', 'TV', 'Descarga', 38, 1, 17, 'Tricksters', 42, ''),
(2029, '2015-04-04', 'PC', 'Descarga', 48, 3, 9, 'Do Mail Robots Dream of Electric Sheep?', 42, ''),
(2030, '2015-04-05', 'PC', 'Descarga', 49, 3, 7, 'Paris', 42, ''),
(2031, '2015-04-06', 'PC', 'Descarga', 48, 3, 10, 'Stingers', 43, ''),
(2032, '2015-04-06', 'PC', 'Online', 57, 2, 5, 'Ipsa Scientia Potestas Est', 42, ''),
(2033, '2015-04-06', 'TV', 'Descarga', 59, 1, 1, 'Minimum Viable Product', 29, ''),
(2034, '2015-04-07', 'PC', 'Descarga', 56, 1, 10, 'Marco', 49, ''),
(2035, '2015-04-08', 'PC', 'Descarga', 12, 6, 5, 'Laws of Robotics and Party Rights', 28, ''),
(2036, '2015-04-09', 'TV', 'Descarga', 59, 1, 2, 'The Cap Table', 28, ''),
(2037, '2015-04-09', 'TV', 'Descarga', 59, 1, 3, 'Articles of Incorporation', 28, ''),
(2038, '2015-04-09', 'TV', 'Descarga', 48, 3, 11, 'One Day in the Life of Anton Baklanov', 42, ''),
(2039, '2015-04-10', 'TV', 'Descarga', 49, 3, 8, 'To the Gates!', 42, ''),
(2040, '2015-04-11', 'PC', 'Descarga', 60, 1, 1, 'Part 1', 58, ''),
(2041, '2015-04-12', 'TV', 'Descarga', 59, 1, 4, 'Fiduciary Duties', 28, ''),
(2042, '2015-04-12', 'TV', 'Descarga', 59, 1, 5, 'Signaling Risk', 28, ''),
(2043, '2015-04-12', 'TV', 'Descarga', 59, 1, 6, 'Third Party Insourcing', 28, ''),
(2044, '2015-04-13', 'TV', 'Descarga', 24, 5, 1, 'The Wars to Come', 55, ''),
(2045, '2015-04-14', 'PC', 'Descarga', 58, 1, 9, 'The Do-Over', 20, ''),
(2046, '2015-04-15', 'PC', 'Descarga', 12, 6, 6, 'Basic Email Security', 27, ''),
(2047, '2015-04-15', 'PC', 'Descarga', 47, 1, 19, 'Beasts of Prey', 48, ''),
(2048, '2015-04-16', 'PC', 'Descarga', 58, 1, 10, 'Pranks for Nothin\'', 21, ''),
(2049, '2015-04-16', 'PC', 'Descarga', 38, 1, 18, 'All Star Team Up', 42, ''),
(2050, '2015-04-16', 'PC', 'Descarga', 59, 1, 7, 'Proof of Concept', 28, ''),
(2051, '2015-04-16', 'PC', 'Descarga', 59, 1, 8, 'Optimal Tip-to-Tip Efficiency', 28, ''),
(2052, '2015-04-17', 'PC', 'Descarga', 48, 3, 12, 'I am Abassin Zadran', 42, ''),
(2053, '2015-04-17', 'PC', 'Descarga', 59, 2, 1, 'Sand Hill Shuffle', 28, ''),
(2054, '2015-04-18', 'PC', 'Descarga', 49, 3, 9, 'Breaking Point', 42, ''),
(2055, '2015-04-20', 'TV', 'Descarga', 24, 5, 2, 'The House of Black and White', 58, ''),
(2056, '2015-04-21', 'PC', 'Descarga', 58, 1, 11, 'Moved to Tampa', 20, ''),
(2057, '2015-04-22', 'PC', 'Descarga', 12, 6, 7, 'Advanced Safety Features', 28, ''),
(2058, '2015-04-22', 'PC', 'Descarga', 59, 2, 2, 'Runaway Devaluation', 26, ''),
(2059, '2015-04-23', 'PC', 'Descarga', 47, 1, 20, 'Under the Knife', 44, ''),
(2060, '2015-04-23', 'PC', 'Descarga', 38, 1, 19, 'Who Is Harrison Wells?', 42, ''),
(2061, '2015-04-23', 'PC', 'Descarga', 48, 3, 13, 'March 8, 1983', 47, ''),
(2062, '2015-04-24', 'PC', 'Online', 57, 2, 6, 'To Hound Nature in Her Wanderings', 42, ''),
(2063, '2015-04-24', 'TV', 'Descarga', 49, 3, 10, 'The Dead', 42, ''),
(2064, '2015-04-26', 'PC', 'Descarga', 61, 1, 1, 'Night Work', 51, ''),
(2065, '2015-04-26', 'PC', 'Descarga', 61, 1, 2, 'Séance', 53, ''),
(2066, '2015-04-27', 'PC', 'Descarga', 29, 2, 20, 'AC/DC', 21, ''),
(2067, '2015-04-27', 'TV', 'Descarga', 24, 5, 3, 'High Sparrow', 58, ''),
(2068, '2015-04-29', 'PC', 'Descarga', 58, 1, 12, 'The Tandyman Can', 21, ''),
(2069, '2015-04-29', 'PC', 'Descarga', 12, 6, 8, 'Intro to Recycled Cinema', 28, ''),
(2070, '2015-04-29', 'PC', 'Descarga', 47, 1, 21, 'The Anvil or the Hammer', 43, ''),
(2071, '2015-04-29', 'Tablet', 'Descarga', 62, 1, 1, 'Piloto', 73, ''),
(2072, '2015-04-30', 'TV', 'Grabada', 62, 1, 2, 'Cosiendo a Campanilla', 70, ''),
(2073, '2015-04-30', 'PC', 'Descarga', 61, 1, 3, 'Resurrection', 47, ''),
(2074, '2015-05-01', 'TV', 'Descarga', 61, 1, 4, 'Demimonde', 59, ''),
(2075, '2015-05-01', 'PC', 'Descarga', 61, 1, 5, 'Closer Than Sisters', 54, ''),
(2076, '2015-05-02', 'PC', 'Descarga', 59, 2, 3, 'Bad Money', 26, ''),
(2077, '2015-05-02', 'TV', 'Descarga', 61, 1, 6, 'What Death Can Join Together', 50, ''),
(2078, '2015-05-02', 'TV', 'Descarga', 61, 1, 7, 'Possession', 59, ''),
(2079, '2015-05-03', 'Tablet', 'Descarga', 61, 1, 8, 'Grand Guignol', 56, ''),
(2080, '2015-05-03', 'Tablet', 'Descarga', 38, 1, 20, 'The Trap', 44, ''),
(2081, '2015-05-04', 'PC', 'Descarga', 63, 1, 1, 'Into the Ring', 51, ''),
(2082, '2015-05-04', 'PC', 'Descarga', 29, 2, 21, 'Det. Dave Majors', 21, ''),
(2083, '2015-05-06', 'PC', 'Descarga', 61, 2, 1, 'Fresh Hell', 54, ''),
(2084, '2015-05-06', 'TV', 'Descarga', 47, 1, 22, 'All Happy Families Are Alike', 44, ''),
(2085, '2015-05-06', 'TV', 'Descarga', 24, 5, 4, 'Sons of the Harpy', 50, ''),
(2086, '2015-05-06', 'TV', 'Descarga', 38, 1, 21, 'Grodd Lives', 42, ''),
(2087, '2015-05-07', 'TV', 'Descarga', 63, 1, 2, 'Cut Man', 52, ''),
(2088, '2015-05-07', 'PC', 'Descarga', 58, 1, 13, 'Screw the Moon', 21, ''),
(2089, '2015-05-07', 'PC', 'Descarga', 59, 2, 4, 'The Lady', 27, ''),
(2090, '2015-05-07', 'TV', 'Descarga', 62, 1, 3, 'Lo que sucede conviene', 73, ''),
(2091, '2015-05-07', 'TV', 'Descarga', 63, 1, 3, 'Rabbit in a Snow Storm', 50, ''),
(2092, '2015-05-08', 'TV', 'Descarga', 12, 6, 9, 'Grifting 101', 28, ''),
(2093, '2015-05-08', 'TV', 'Descarga', 63, 1, 4, 'In the Blood', 50, ''),
(2094, '2015-05-08', 'TV', 'Descarga', 63, 1, 5, 'World on Fire', 54, ''),
(2095, '2015-05-09', 'Tablet', 'Descarga', 63, 1, 6, 'Condemned', 58, ''),
(2096, '2015-05-10', 'PC', 'Descarga', 63, 1, 7, 'Stick', 49, ''),
(2097, '2015-05-11', 'PC', 'Descarga', 24, 5, 5, 'Kill the Boy', 55, ''),
(2098, '2015-05-12', 'PC', 'Descarga', 29, 2, 22, 'The Chopper', 21, ''),
(2099, '2015-05-12', 'PC', 'Descarga', 61, 2, 2, 'Verbis Diablo', 51, ''),
(2100, '2015-05-12', 'PC', 'Descarga', 12, 6, 10, 'Basic RV Repair and Palmistry', 25, ''),
(2101, '2015-05-13', 'PC', 'Descarga', 63, 1, 8, 'Shadows in the Glass', 52, ''),
(2102, '2015-05-13', 'PC', 'Descarga', 38, 1, 22, 'Rogue Air', 41, ''),
(2103, '2015-05-14', 'TV', 'Descarga', 62, 1, 4, 'Un día de campo', 70, ''),
(2104, '2015-05-15', 'PC', 'Descarga', 64, 1, 1, 'Where Paradise Is Home', 43, ''),
(2105, '2015-05-16', 'TV', 'Descarga', 63, 1, 9, 'Speak of the Devil', 58, ''),
(2106, '2015-05-16', 'TV', 'Descarga', 63, 1, 10, 'Nelson v. Murdock', 57, ''),
(2107, '2015-05-17', 'PC', 'Descarga', 63, 1, 11, 'The Path of the Righteous', 57, ''),
(2108, '2015-05-17', 'PC', 'Descarga', 63, 1, 12, 'The Ones We Leave Behind', 59, ''),
(2109, '2015-05-17', 'TV', 'Descarga', 63, 1, 13, 'Daredevil', 51, ''),
(2110, '2015-05-18', 'PC', 'Descarga', 24, 5, 6, 'Unbowed, Unbent, Unbroken', 54, ''),
(2111, '2015-05-19', 'PC', 'Descarga', 29, 2, 23, 'Johnny And Dora', 21, ''),
(2112, '2015-05-20', 'PC', 'Descarga', 38, 1, 23, 'Fast Enough', 44, ''),
(2113, '2015-05-26', 'TV', 'Descarga', 24, 5, 7, 'The Gift', 58, ''),
(2114, '2015-05-28', 'TV', 'Descarga', 12, 6, 11, 'Modern Espionage', 28, ''),
(2115, '2015-05-28', 'TV', 'Descarga', 59, 2, 5, 'Server Space', 28, ''),
(2116, '2015-05-29', 'TV', 'Descarga', 61, 2, 3, 'The Nightcomers', 58, ''),
(2117, '2015-05-29', 'TV', 'Descarga', 59, 2, 6, 'Homicide', 28, ''),
(2118, '2015-05-30', 'PC', 'Descarga', 64, 1, 2, 'Don\'t Discuss Your Life Before', 43, ''),
(2119, '2015-06-01', 'TV', 'Descarga', 24, 5, 8, 'Hardhome', 59, ''),
(2120, '2015-06-01', 'PC', 'Descarga', 61, 2, 4, 'Evil Spirits in Heavenly Places', 49, ''),
(2121, '2015-06-01', 'PC', 'Descarga', 12, 6, 12, 'Wedding Videography', 25, ''),
(2122, '2015-06-01', 'PC', 'Descarga', 59, 2, 7, 'Adult Content', 27, ''),
(2123, '2015-06-01', 'PC', 'Descarga', 62, 1, 5, 'La cruda realidad', 84, ''),
(2124, '2015-06-02', 'PC', 'Descarga', 61, 2, 5, 'Above the Vaulted Sky', 57, ''),
(2125, '2015-06-02', 'PC', 'Descarga', 64, 1, 3, 'Our Town, Our Law', 42, ''),
(2126, '2015-06-03', 'TV', 'Descarga', 12, 6, 13, 'Emotional Consequences of Broadcast Television', 28, ''),
(2127, '2015-06-03', 'TV', 'Descarga', 59, 2, 8, 'White Hat/Black Hat', 28, ''),
(2128, '2015-06-03', 'TV', 'Descarga', 4, 5, 13, 'Forget', 42, ''),
(2129, '2015-06-04', 'TV', 'Descarga', 4, 5, 14, 'Spend', 42, ''),
(2130, '2015-06-04', 'TV', 'Descarga', 4, 5, 15, 'Try', 43, ''),
(2131, '2015-06-04', 'PC', 'Descarga', 4, 5, 16, 'Conquer', 64, ''),
(2132, '2015-06-05', 'TV', 'Descarga', 5, 3, 1, 'Antipasto', 43, ''),
(2133, '2015-06-06', 'PC', 'Descarga', 64, 1, 4, 'One of Our Senior Realtors Has Chosen to Retire', 44, ''),
(2134, '2015-06-06', 'PC', 'Descarga', 65, 1, 1, 'I Wasn\'t Ready', 50, ''),
(2135, '2015-06-06', 'PC', 'Descarga', 65, 1, 2, 'Tit Punch', 50, ''),
(2136, '2015-06-06', 'PC', 'Descarga', 65, 1, 3, 'Lesbian Request Denied', 55, ''),
(2137, '2015-06-07', 'PC', 'Descarga', 65, 1, 4, 'Imaginary Enemies', 53, ''),
(2138, '2015-06-08', 'TV', 'Descarga', 24, 5, 9, 'The Dance of Dragons', 54, ''),
(2139, '2015-06-08', 'PC', 'Descarga', 65, 1, 5, 'The Chickening', 58, ''),
(2140, '2015-06-08', 'PC', 'Descarga', 42, 1, 5, 'Catherine', 58, ''),
(2141, '2015-06-09', 'PC', 'Descarga', 65, 1, 6, 'WAC Pack', 54, ''),
(2142, '2015-06-10', 'PC', 'Descarga', 65, 1, 7, 'Blood Donut', 54, ''),
(2143, '2015-06-11', 'PC', 'Descarga', 59, 2, 9, 'Binding Arbitration', 28, ''),
(2144, '2015-06-11', 'PC', 'Descarga', 65, 1, 8, 'Moscow Mule', 57, ''),
(2145, '2015-06-12', 'PC', 'Descarga', 65, 1, 9, 'Fucksgiving', 57, ''),
(2146, '2015-06-12', 'PC', 'Descarga', 65, 1, 10, 'Bora Bora Bora', 52, ''),
(2147, '2015-06-12', 'PC', 'Descarga', 65, 1, 11, 'Tall Men with Feelings', 58, ''),
(2148, '2015-06-12', 'PC', 'Descarga', 65, 1, 12, 'Fool Me Once', 59, ''),
(2149, '2015-06-12', 'PC', 'Descarga', 65, 1, 13, 'Can\'t Fix Crazy', 59, ''),
(2150, '2015-06-13', 'PC', 'Descarga', 5, 3, 2, 'Primavera', 43, ''),
(2151, '2015-06-14', 'PC', 'Descarga', 61, 2, 6, 'Glorious Horrors', 53, ''),
(2152, '2015-06-17', 'TV', 'Descarga', 24, 5, 10, ' Mother\'s Mercy', 62, ''),
(2153, '2015-06-17', 'PC', 'Descarga', 65, 2, 1, 'Thirsty Bird', 56, ''),
(2154, '2015-06-17', 'PC', 'Descarga', 65, 2, 2, 'Looks Blue, Tastes Red', 55, ''),
(2155, '2015-06-18', 'PC', 'Descarga', 65, 2, 3, 'Hugs Can Be Deceiving', 59, ''),
(2156, '2015-06-18', 'TV', 'Descarga', 59, 2, 10, 'Two Days of the Condor', 28, ''),
(2157, '2015-06-18', 'TV', 'Descarga', 66, 1, 1, 'Pilot', 30, ''),
(2158, '2015-06-18', 'TV', 'Descarga', 41, 1, 2, 'Honor Thy Father', 42, ''),
(2159, '2015-06-18', 'TV', 'Descarga', 66, 1, 2, 'The Letting Go', 24, ''),
(2160, '2015-06-18', 'PC', 'Descarga', 65, 2, 4, 'A Whole Other Hole', 59, ''),
(2161, '2015-06-19', 'PC', 'Descarga', 5, 3, 3, 'Secondo', 43, ''),
(2162, '2015-06-20', 'PC', 'Descarga', 64, 1, 5, 'The Truth', 43, ''),
(2163, '2015-06-20', 'PC', 'Descarga', 65, 2, 5, 'Low Self Esteem City', 50, ''),
(2164, '2015-06-20', 'PC', 'Descarga', 61, 2, 7, 'Little Scorpion', 49, ''),
(2165, '2015-06-20', 'PC', 'Descarga', 67, 1, 1, 'eps1.0_hellofriend.mov', 64, ''),
(2166, '2015-06-21', 'PC', 'Descarga', 43, 1, 3, 'Gone Smooth', 42, ''),
(2167, '2015-06-21', 'PC', 'Descarga', 43, 1, 4, 'It\'s Not for Everyone', 42, ''),
(2168, '2015-06-21', 'PC', 'Descarga', 65, 2, 6, 'You Also Have a Pizza', 59, ''),
(2169, '2015-06-21', 'PC', 'Descarga', 65, 2, 7, 'Comic Sans', 51, ''),
(2170, '2015-06-22', 'PC', 'Descarga', 43, 1, 5, 'Runaways', 43, ''),
(2171, '2015-06-22', 'TV', 'Descarga', 32, 2, 1, 'The Western Book of the Dead', 60, ''),
(2172, '2015-06-22', 'TV', 'Descarga', 61, 2, 8, 'Memento Mori', 55, ''),
(2173, '2015-06-22', 'PC', 'Descarga', 68, 1, 1, 'Launch', 42, ''),
(2174, '2015-06-23', 'PC', 'Descarga', 65, 2, 8, 'Appropiately Sized Pots', 57, ''),
(2175, '2015-06-23', 'PC', 'Descarga', 43, 1, 6, 'Occultation', 42, ''),
(2176, '2015-06-23', 'Móvil', 'Descarga', 42, 1, 6, 'Brave New World', 57, ''),
(2177, '2015-06-23', 'PC', 'Descarga', 69, 1, 1, 'Pilot', 33, ''),
(2178, '2015-06-24', 'PC', 'Descarga', 43, 1, 7, 'For Services Rendered', 44, ''),
(2179, '2015-06-24', 'PC', 'Descarga', 65, 2, 9, '40 Oz of Furlough', 59, ''),
(2180, '2015-06-24', 'PC', 'Descarga', 42, 1, 7, 'All Together Now', 57, ''),
(2181, '2015-06-25', 'PC', 'Descarga', 43, 1, 8, 'Creatures of the Night', 41, ''),
(2182, '2015-06-25', 'PC', 'Descarga', 65, 2, 10, 'Little Mustachioed Shit', 58, ''),
(2183, '2015-06-25', 'PC', 'Descarga', 65, 2, 11, 'Take a Break from Your Values', 55, ''),
(2184, '2015-06-25', 'PC', 'Descarga', 65, 2, 12, 'It Was the Change', 57, ''),
(2185, '2015-06-25', 'PC', 'Descarga', 65, 2, 13, 'We Have Manners. We\'re Polite', 90, ''),
(2186, '2015-06-26', 'TV', 'Descarga', 65, 3, 1, 'Mother\'s Day', 52, ''),
(2187, '2015-06-26', 'PC', 'Descarga', 5, 3, 4, 'Aperitivo', 42, ''),
(2188, '2015-06-27', 'TV', 'Descarga', 64, 1, 6, 'Choices', 42, ''),
(2189, '2015-06-27', 'TV', 'Descarga', 43, 1, 9, 'The Disappeared', 42, ''),
(2190, '2015-06-28', 'Tablet', 'Descarga', 42, 1, 8, 'Love and Marriage', 59, ''),
(2191, '2015-06-29', 'TV', 'Descarga', 32, 2, 2, 'Night Finds You', 58, ''),
(2192, '2015-06-29', 'PC', 'Online', 41, 1, 3, 'Lone Gunmen', 42, ''),
(2193, '2015-06-29', 'PC', 'Descarga', 41, 1, 4, 'An Innocent Man', 42, ''),
(2194, '2015-06-30', 'TV', 'Descarga', 42, 1, 9, 'Involuntary', 57, ''),
(2195, '2015-06-30', 'PC', 'Descarga', 65, 3, 2, 'Bed Bugs and Beyond', 55, ''),
(2196, '2015-06-30', 'TV', 'Descarga', 41, 1, 5, 'Damaged', 42, ''),
(2197, '2015-06-30', 'TV', 'Descarga', 41, 1, 6, 'Legacies', 42, ''),
(2198, '2015-06-30', 'TV', 'Descarga', 65, 3, 3, 'Empathy Is a Bone Killer', 54, ''),
(2199, '2015-07-01', 'PC', 'Descarga', 70, 1, 1, 'Pilot', 29, ''),
(2200, '2015-07-01', 'PC', 'Descarga', 65, 3, 4, 'Finger in the Dyke', 57, ''),
(2201, '2015-07-01', 'PC', 'Descarga', 65, 3, 5, 'Fake It Till You Fake It Some More', 55, ''),
(2202, '2015-07-01', 'PC', 'Descarga', 65, 3, 6, 'Ching Chong Chang', 57, ''),
(2203, '2015-07-01', 'Tablet', 'Descarga', 42, 1, 10, 'Fallout', 55, ''),
(2204, '2015-07-02', 'PC', 'Descarga', 61, 2, 9, 'And Hell Itself My Only Foe', 57, ''),
(2205, '2015-07-02', 'PC', 'Descarga', 68, 1, 2, 'Protocol', 41, ''),
(2206, '2015-07-02', 'PC', 'Descarga', 65, 3, 7, 'Tongue-Tied', 57, ''),
(2207, '2015-07-02', 'TV', 'Descarga', 65, 3, 8, 'Fear, and Other Smells', 57, ''),
(2208, '2015-07-02', 'TV', 'Descarga', 71, 1, 1, 'Red Roses', 43, ''),
(2209, '2015-07-02', 'PC', 'Descarga', 67, 1, 2, 'eps1.1_ones-and-zer0es.mpeg', 43, ''),
(2210, '2015-07-02', 'PC', 'Descarga', 69, 1, 2, 'Half-Cocked', 27, ''),
(2211, '2015-07-03', 'PC', 'Descarga', 42, 1, 11, 'Phallic Victories', 53, ''),
(2212, '2015-07-03', 'PC', 'Descarga', 42, 1, 12, 'Manhigh', 57, ''),
(2213, '2015-07-04', 'PC', 'Descarga', 64, 1, 7, 'Betrayal', 43, ''),
(2214, '2015-07-05', 'PC', 'Descarga', 70, 1, 2, 'Raise Up', 28, ''),
(2215, '2015-07-05', 'TV', 'Descarga', 66, 1, 3, 'Rollin', 28, ''),
(2216, '2015-07-05', 'TV', 'Descarga', 5, 3, 5, 'Contorno', 51, ''),
(2217, '2015-07-05', 'TV', 'Descarga', 65, 3, 9, 'Where My Dreidel At', 53, ''),
(2218, '2015-07-05', 'TV', 'Descarga', 43, 1, 10, 'Loved Ones', 42, ''),
(2219, '2015-07-06', 'TV', 'Descarga', 65, 3, 10, 'A Tittin\' and a Hairin\'', 57, ''),
(2220, '2015-07-06', 'TV', 'Descarga', 42, 2, 1, 'Parallax', 58, ''),
(2221, '2015-07-07', 'TV', 'Descarga', 61, 2, 10, 'And They Were Enemies', 59, ''),
(2222, '2015-07-07', 'TV', 'Descarga', 32, 2, 3, 'Maybe Tomorrow', 59, ''),
(2223, '2015-07-07', 'TV', 'Descarga', 43, 1, 11, 'The Third Rail', 42, ''),
(2224, '2015-07-08', 'PC', 'Descarga', 42, 2, 2, 'Kyrie Eleison', 57, ''),
(2225, '2015-07-08', 'PC', 'Descarga', 43, 1, 12, 'Last Rites', 43, ''),
(2226, '2015-07-08', 'PC', 'Descarga', 72, 1, 1, 'Chapter One', 39, ''),
(2227, '2015-07-08', 'PC', 'Online', 73, 1, 1, 'It\'s Not a Bikini if it\'s Armor', 3, ''),
(2228, '2015-07-08', 'PC', 'Descarga', 43, 1, 13, 'The Master', 46, ''),
(2229, '2015-07-08', 'PC', 'Descarga', 70, 1, 3, 'Move the Chains', 27, ''),
(2230, '2015-07-09', 'PC', 'Online', 41, 1, 7, 'Muse of Fire', 40, ''),
(2231, '2015-07-09', 'TV', 'Descarga', 41, 1, 8, 'Vendetta', 42, ''),
(2232, '2015-07-10', 'PC', 'Descarga', 67, 1, 3, 'eps1.2_d3bug.mkv', 44, ''),
(2233, '2015-07-10', 'PC', 'Descarga', 71, 1, 2, 'Hello, Emma', 39, ''),
(2234, '2015-07-10', 'PC', 'Online', 41, 1, 9, 'Year\'s End', 42, ''),
(2235, '2015-07-10', 'TV', 'Descarga', 41, 1, 10, 'Burned', 42, ''),
(2236, '2015-07-10', 'TV', 'Descarga', 41, 1, 11, 'Trust But Verify', 42, ''),
(2237, '2015-07-11', 'TV', 'Descarga', 41, 1, 12, 'Vertigo', 42, ''),
(2238, '2015-07-11', 'TV', 'Descarga', 41, 1, 13, 'Betrayal', 42, ''),
(2239, '2015-07-11', 'TV', 'Descarga', 41, 1, 14, 'The Odyssey', 42, ''),
(2240, '2015-07-11', 'TV', 'Descarga', 41, 1, 15, 'Dodger', 42, ''),
(2241, '2015-07-11', 'TV', 'Descarga', 64, 1, 8, 'The Friendliest Place on Earth', 44, ''),
(2242, '2015-07-11', 'TV', 'Descarga', 66, 1, 4, 'Moppa', 28, ''),
(2243, '2015-07-11', 'TV', 'Descarga', 66, 1, 5, 'Wedge', 28, ''),
(2244, '2015-07-12', 'PC', 'Descarga', 42, 2, 3, 'Fight', 58, ''),
(2245, '2015-07-12', 'PC', 'Descarga', 5, 3, 6, 'Dolce', 44, ''),
(2246, '2015-07-12', 'PC', 'Descarga', 65, 3, 11, 'We Can Be Heroes', 58, ''),
(2247, '2015-07-12', 'PC', 'Descarga', 72, 1, 2, 'Chapter Two', 41, ''),
(2248, '2015-07-13', 'PC', 'Descarga', 42, 2, 4, 'Dirty Jobs', 57, ''),
(2249, '2015-07-13', 'TV', 'Descarga', 41, 1, 16, 'Dead to Rights', 42, ''),
(2250, '2015-07-13', 'TV', 'Descarga', 41, 1, 17, 'The Huntress Returns', 42, ''),
(2251, '2015-07-13', 'TV', 'Descarga', 32, 2, 4, 'Down Will Come', 55, ''),
(2252, '2015-07-13', 'TV', 'Descarga', 65, 3, 12, 'Don\'t Make Me Come Back There', 52, ''),
(2253, '2015-07-14', 'PC', 'Descarga', 43, 2, 1, 'BK, N.Y.', 56, ''),
(2254, '2015-07-15', 'PC', 'Online', 73, 1, 2, 'A Quest Needs Money to Rest', 3, ''),
(2255, '2015-07-15', 'Móvil', 'Descarga', 41, 1, 18, 'Salvation', 42, ''),
(2256, '2015-07-16', 'Móvil', 'Descarga', 41, 1, 19, 'Unfinished Business', 42, ''),
(2257, '2015-07-16', 'TV', 'Descarga', 65, 3, 13, 'Trust No Bitch', 90, ''),
(2258, '2015-07-18', 'TV', 'Descarga', 67, 1, 4, 'Eps1.3_da3m0ns.mp4', 42, ''),
(2259, '2015-07-19', 'TV', 'Descarga', 64, 1, 9, 'A Reckoning', 42, ''),
(2260, '2015-07-19', 'TV', 'Descarga', 5, 3, 7, 'Digestivo', 42, ''),
(2261, '2015-07-19', 'TV', 'Descarga', 72, 1, 3, 'Chapter Three', 40, ''),
(2262, '2015-07-20', 'TV', 'Descarga', 72, 1, 4, 'Chapter Four', 40, ''),
(2263, '2015-07-20', 'TV', 'Descarga', 41, 1, 20, 'Home Invasion', 42, ''),
(2264, '2015-07-21', 'Móvil', 'Descarga', 41, 1, 21, 'The Undertaking', 42, ''),
(2265, '2015-07-21', 'Móvil', 'Descarga', 41, 1, 22, 'Darkness on the Edge of Town', 41, ''),
(2266, '2015-07-21', 'Móvil', 'Descarga', 41, 1, 23, 'Sacrifice', 42, ''),
(2267, '2015-07-22', 'Móvil', 'Descarga', 71, 1, 3, 'Wanna Play a Game?', 42, ''),
(2268, '2015-07-22', 'TV', 'YOMVI', 32, 2, 5, 'Other Lives', 57, ''),
(2269, '2015-07-22', 'TV', 'YOMVI', 72, 1, 5, 'Chapter Five', 39, ''),
(2270, '2015-07-23', 'TV', 'YOMVI', 70, 1, 4, 'Heads Will Roll', 27, ''),
(2271, '2015-07-23', 'TV', 'YOMVI', 42, 2, 5, 'Giants', 56, ''),
(2272, '2015-07-23', 'TV', 'Descarga', 71, 1, 4, 'Aftermath', 39, ''),
(2273, '2015-07-23', 'TV', 'YOMVI', 70, 1, 5, 'Machete Charge', 24, ''),
(2274, '2015-07-23', 'TV', 'Descarga', 41, 2, 1, 'City of Heroes', 44, ''),
(2275, '2015-07-23', 'PC', 'Descarga', 72, 1, 6, 'Chapter Six', 41, ''),
(2276, '2015-07-24', 'PC', 'Online', 73, 1, 3, 'Even Heroes Have Needs', 3, ''),
(2277, '2015-07-24', 'TV', 'Descarga', 43, 2, 2, 'By Any Means', 49, ''),
(2278, '2015-07-24', 'PC', 'Descarga', 42, 2, 6, 'Blackbird', 57, ''),
(2279, '2015-07-24', 'PC', 'Descarga', 64, 1, 10, 'Cycle', 42, ''),
(2280, '2015-07-24', 'PC', 'Descarga', 66, 1, 6, 'The Wilderness', 27, ''),
(2281, '2015-07-24', 'PC', 'Descarga', 66, 1, 7, 'Symbolic Exemplar', 27, ''),
(2282, '2015-07-24', 'PC', 'Descarga', 66, 1, 8, 'Best New Girl', 30, ''),
(2283, '2015-07-24', 'PC', 'Descarga', 66, 1, 9, 'Looking Up', 27, ''),
(2284, '2015-07-24', 'PC', 'Descarga', 66, 1, 10, 'Why Do We Cover The Mirrors?', 28, ''),
(2285, '2015-07-25', 'TV', 'Descarga', 41, 2, 2, 'Identity', 42, ''),
(2286, '2015-07-25', 'TV', 'Descarga', 41, 2, 3, 'Broken Dolls', 42, ''),
(2287, '2015-07-25', 'TV', 'Descarga', 41, 2, 4, 'Crucible', 42, ''),
(2288, '2015-07-25', 'TV', 'Descarga', 41, 2, 5, 'League of Assassins', 42, ''),
(2289, '2015-07-25', 'TV', 'Descarga', 41, 2, 6, 'Keep Your Enemies Closer', 42, ''),
(2290, '2015-07-26', 'Tablet', 'Descarga', 41, 2, 7, 'State v Queen', 42, ''),
(2291, '2015-07-26', 'Móvil', 'YOMVI', 5, 3, 8, 'The Great Red Dragon', 40, ''),
(2292, '2015-07-27', 'PC', 'Descarga', 67, 1, 5, 'Eps1.4_3xpl0its.wmv', 42, ''),
(2293, '2015-07-27', 'Tablet', 'YOMVI', 72, 1, 7, 'Chapter Seven', 40, ''),
(2294, '2015-07-28', 'PC', 'Descarga', 42, 2, 7, 'Asterion', 55, ''),
(2295, '2015-07-29', 'PC', 'Descarga', 72, 1, 8, 'Chapter Eight', 40, ''),
(2296, '2015-07-29', 'Tablet', 'Descarga', 32, 2, 6, 'Church in Ruins', 60, ''),
(2297, '2015-07-30', 'PC', 'Descarga', 41, 2, 8, 'The Scientist', 42, ''),
(2298, '2015-07-30', 'PC', 'Online', 73, 1, 4, 'A Hero Needs No Reward', 3, ''),
(2299, '2015-07-30', 'PC', 'Descarga', 42, 2, 8, 'Mirror, Mirror', 55, ''),
(2300, '2015-07-31', 'Tablet', 'Descarga', 43, 2, 3, 'Fort Defiance', 42, ''),
(2301, '2015-07-31', 'PC', 'Descarga', 67, 1, 6, 'eps1.5_br4ve-trave1er.asf', 44, ''),
(2302, '2015-07-31', 'PC', 'Descarga', 42, 2, 9, 'Story of My Life', 58, ''),
(2303, '2015-07-31', 'PC', 'Descarga', 41, 2, 9, 'Three Ghosts', 42, ''),
(2304, '2015-08-01', 'Tablet', 'Descarga', 42, 2, 10, 'Below the Belt', 58, ''),
(2305, '2015-08-01', 'Tablet', 'Descarga', 71, 1, 5, 'Exposed', 41, ''),
(2306, '2015-08-02', 'PC', 'Descarga', 41, 2, 10, 'Blast Radius', 42, ''),
(2307, '2015-08-02', 'PC', 'Descarga', 41, 2, 11, 'Blind Spot', 42, ''),
(2308, '2015-08-02', 'Tablet', 'Descarga', 5, 3, 9, 'And The Woman Clothed With The Sun…', 42, ''),
(2309, '2015-08-03', 'PC', 'Descarga', 41, 2, 12, 'Tremors', 40, ''),
(2310, '2015-08-04', 'PC', 'Descarga', 70, 1, 6, 'Everything Is Everything', 27, ''),
(2311, '2015-08-04', 'PC', 'Descarga', 41, 2, 13, 'Heir to the Demon', 42, ''),
(2312, '2015-08-04', 'PC', 'Descarga', 42, 2, 11, 'One for the Money, Two for the Show', 56, ''),
(2313, '2015-08-04', 'PC', 'Descarga', 43, 2, 4, 'The Silver Angel', 44, ''),
(2314, '2015-08-04', 'Tablet', 'Descarga', 72, 1, 9, 'Chapter Nine', 42, ''),
(2315, '2015-08-05', 'PC', 'Descarga', 70, 1, 7, 'Ends', 24, ''),
(2316, '2015-08-05', 'PC', 'Descarga', 41, 2, 14, 'Time of Death', 42, ''),
(2317, '2015-08-05', 'PC', 'Descarga', 42, 2, 12, 'The Revolution Will Not Be Televised', 58, ''),
(2318, '2015-08-05', 'PC', 'Descarga', 32, 2, 7, 'Black Maps and Motel Rooms', 63, ''),
(2319, '2015-08-05', 'Tablet', 'Descarga', 72, 1, 10, 'Chapter Ten', 42, ''),
(2320, '2015-08-06', 'PC', 'Descarga', 72, 1, 11, 'Chapter Eleven', 42, ''),
(2321, '2015-08-06', 'PC', 'Descarga', 72, 1, 12, 'Chapter Twelve', 41, ''),
(2322, '2015-08-07', 'PC', 'Descarga', 42, 3, 1, 'Parliament of Owls', 58, ''),
(2323, '2015-08-07', 'PC', 'Online', 73, 1, 5, 'Saving Things That Go Unused', 3, ''),
(2324, '2015-08-07', 'PC', 'Descarga', 41, 2, 15, 'The Promise', 42, ''),
(2325, '2015-08-07', 'PC', 'Descarga', 41, 2, 16, 'Suicide Squad', 42, ''),
(2326, '2015-08-07', 'Móvil', 'Descarga', 72, 1, 13, 'Chapter Thirteen', 42, ''),
(2327, '2015-08-08', 'PC', 'Descarga', 71, 1, 6, 'Betrayed', 40, ''),
(2328, '2015-08-08', 'PC', 'Descarga', 67, 1, 7, 'eps1.6_v1ew-s0urce.flv', 44, ''),
(2329, '2015-08-08', 'Tablet', 'Descarga', 5, 3, 10, 'And the Woman Clothed in Sun', 42, ''),
(2330, '2015-08-09', 'PC', 'Descarga', 42, 3, 2, 'Three\'s a Crowd', 56, ''),
(2331, '2015-08-09', 'PC', 'Descarga', 41, 2, 17, 'Birds of Prey', 42, ''),
(2332, '2015-08-09', 'PC', 'Descarga', 41, 2, 18, 'Deathstroke', 42, ''),
(2333, '2015-08-09', 'PC', 'Descarga', 72, 1, 14, 'Chapter Fourteen', 42, ''),
(2334, '2015-08-10', 'PC', 'Descarga', 41, 2, 19, 'The Man Under the Hood', 42, ''),
(2335, '2015-08-10', 'PC', 'Descarga', 42, 3, 3, 'The Excitement of Release', 56, ''),
(2336, '2015-08-10', 'PC', 'Descarga', 41, 2, 20, 'Seeing Red', 42, ''),
(2337, '2015-08-11', 'PC', 'Descarga', 42, 3, 4, 'Undue Influence', 58, ''),
(2338, '2015-08-12', 'PC', 'Descarga', 41, 2, 21, 'City of Blood', 41, ''),
(2339, '2015-08-12', 'PC', 'Descarga', 41, 2, 22, 'Streets of Fire', 42, ''),
(2340, '2015-08-13', 'Móvil', 'Descarga', 70, 1, 8, 'Gaslighting', 27, ''),
(2341, '2015-08-13', 'PC', 'Descarga', 43, 2, 5, 'Quick and Painless', 45, ''),
(2342, '2015-08-13', 'PC', 'Online', 73, 1, 6, 'Heroes Overcome the Impossible', 3, ''),
(2343, '2015-08-13', 'TV', 'Descarga', 67, 1, 8, 'eps1.7_wh1ter0se.m4v', 44, ''),
(2344, '2015-08-14', 'TV', 'Descarga', 41, 2, 23, 'Unthinkable', 42, ''),
(2345, '2015-08-14', 'PC', 'Descarga', 41, 3, 1, 'The Calm', 42, ''),
(2346, '2015-08-14', 'PC', 'Descarga', 71, 1, 7, 'In the Trenches', 40, ''),
(2347, '2015-08-14', 'PC', 'Descarga', 42, 3, 5, 'Matters of Gravity', 58, ''),
(2348, '2015-08-14', 'TV', 'Descarga', 41, 3, 2, 'Sara', 42, ''),
(2349, '2015-08-14', 'TV', 'Descarga', 41, 3, 3, 'Corto Maltese', 42, ''),
(2350, '2015-08-14', 'TV', 'Descarga', 41, 3, 4, 'The Magician', 42, ''),
(2351, '2015-08-14', 'TV', 'Descarga', 5, 3, 11, '…And the Beast from the Sea', 42, ''),
(2352, '2015-08-15', 'PC', 'Descarga', 41, 3, 5, 'The Secret Origin of Felicity Smoak', 42, ''),
(2353, '2015-08-15', 'PC', 'Descarga', 41, 3, 6, 'Guilty', 42, ''),
(2354, '2015-08-15', 'TV', 'Descarga', 74, 1, 1, 'Method and Madness', 53, ''),
(2355, '2015-08-15', 'TV', 'Descarga', 3, 8, 235, 'Quarrel in the Moonlight! The Pirate Ship Trembles In Sadness', 20, ''),
(2356, '2015-08-16', 'TV', 'Descarga', 41, 3, 7, 'Draw Back Your Bow', 42, ''),
(2357, '2015-08-16', 'TV', 'Descarga', 41, 3, 8, 'The Brave and the Bold II', 42, ''),
(2358, '2015-08-16', 'TV', 'Descarga', 41, 3, 9, 'The Climb', 42, ''),
(2359, '2015-08-16', 'TV', 'Descarga', 41, 3, 10, 'Left Behind', 42, ''),
(2360, '2015-08-16', 'TV', 'Descarga', 41, 3, 11, 'Midnight City', 42, ''),
(2361, '2015-08-16', 'PC', 'Descarga', 72, 1, 15, 'Chapter Fifteen', 42, ''),
(2362, '2015-08-16', 'TV', 'Descarga', 72, 1, 16, 'Chapter Sixteen', 42, ''),
(2363, '2015-08-17', 'PC', 'Descarga', 41, 3, 12, 'Uprising', 42, ''),
(2364, '2015-08-17', 'TV', 'Descarga', 41, 3, 13, 'Canaries', 42, ''),
(2365, '2015-08-17', 'TV', 'Descarga', 41, 3, 14, 'The Return', 42, ''),
(2366, '2015-08-17', 'TV', 'Descarga', 41, 3, 15, 'Nanda Parbat', 42, ''),
(2367, '2015-08-17', 'TV', 'Descarga', 72, 1, 17, 'Chapter Seventeen', 42, ''),
(2368, '2015-08-17', 'TV', 'Descarga', 41, 3, 16, 'The Offer', 42, ''),
(2369, '2015-08-18', 'TV', 'Descarga', 41, 3, 17, 'Suicidal Tendencies', 42, ''),
(2370, '2015-08-18', 'TV', 'Descarga', 41, 3, 18, 'Public Enemy', 42, ''),
(2371, '2015-08-18', 'TV', 'Descarga', 41, 3, 19, 'Broken Arrow', 42, ''),
(2372, '2015-08-18', 'TV', 'Descarga', 41, 3, 20, 'The Fallen', 42, ''),
(2373, '2015-08-18', 'TV', 'Descarga', 41, 3, 21, 'Al Sah-him', 42, ''),
(2374, '2015-08-18', 'TV', 'Descarga', 41, 3, 22, 'This Is Your Sword', 42, ''),
(2375, '2015-08-18', 'TV', 'Descarga', 41, 3, 23, 'My Name is Oliver Queen', 44, ''),
(2376, '2015-08-18', 'PC', 'Descarga', 70, 1, 9, 'Head-On', 27, ''),
(2377, '2015-08-18', 'PC', 'Online', 73, 1, 7, 'Allies From Taverns May Disappoint', 3, ''),
(2378, '2015-08-18', 'PC', 'Descarga', 72, 1, 18, 'Chapter Eighteen', 42, ''),
(2379, '2015-08-18', 'PC', 'Descarga', 72, 1, 19, 'Chapter Nineteen', 42, ''),
(2380, '2015-08-19', 'PC', 'Descarga', 43, 2, 6, 'Identity', 43, ''),
(2381, '2015-08-19', 'PC', 'Descarga', 72, 1, 20, 'Chapter Twenty', 42, ''),
(2382, '2015-08-19', 'PC', 'Descarga', 72, 1, 21, 'Chapter Twenty-One', 42, ''),
(2383, '2015-08-19', 'PC', 'Descarga', 72, 1, 22, 'Chapter Twenty-Two', 42, ''),
(2384, '2015-08-19', 'PC', 'Descarga', 42, 3, 6, 'Two Scents', 57, ''),
(2385, '2015-08-19', 'PC', 'Descarga', 33, 1, 3, 'Clean Skin', 48, ''),
(2386, '2015-08-19', 'TV', 'Descarga', 75, 1, 1, 'Episode 1', 55, ''),
(2387, '2015-08-20', 'Móvil', 'Descarga', 71, 1, 8, 'Ghosts', 38, ''),
(2388, '2015-08-20', 'PC', 'Descarga', 33, 1, 4, 'Semper I', 48, ''),
(2389, '2015-08-20', 'PC', 'Descarga', 76, 1, 1, 'Part 1', 52, ''),
(2390, '2015-08-21', 'PC', 'Descarga', 67, 1, 9, 'eps1.8_m1rr0r1ng.qt', 48, ''),
(2391, '2015-08-21', 'PC', 'Descarga', 33, 1, 5, 'Blind Spot', 55, ''),
(2392, '2015-08-21', 'Móvil', 'Descarga', 33, 1, 6, 'The Good Soldier', 48, ''),
(2393, '2015-08-21', 'Tablet', 'Descarga', 5, 3, 12, 'The Number of the Beast', 42, ''),
(2394, '2015-08-22', 'PC', 'Descarga', 75, 1, 2, 'Episode 2', 55, ''),
(2395, '2015-08-22', 'PC', 'Descarga', 76, 1, 2, 'Part 2', 53, ''),
(2396, '2015-08-22', 'Tablet', 'Descarga', 75, 1, 3, 'Episode 3', 54, ''),
(2397, '2015-08-22', 'Móvil', 'Descarga', 33, 1, 7, 'The Weekend', 57, ''),
(2398, '2015-08-23', 'PC', 'Descarga', 33, 1, 8, 'Achilles Heel', 48, ''),
(2399, '2015-08-23', 'PC', 'Descarga', 33, 1, 9, 'Crossfire', 48, ''),
(2400, '2015-08-23', 'Tablet', 'Descarga', 33, 1, 10, 'Representative Brody', 47, ''),
(2401, '2015-08-24', 'PC', 'Descarga', 33, 1, 11, 'The Vest', 53, ''),
(2402, '2015-08-24', 'PC', 'Descarga', 33, 1, 12, 'Marine One', 82, ''),
(2403, '2015-08-25', 'PC', 'Descarga', 77, 1, 1, 'Pilot', 63, ''),
(2404, '2015-08-25', 'PC', 'Descarga', 70, 1, 10, 'Flamingos', 29, ''),
(2405, '2015-08-25', 'Tablet', 'Descarga', 33, 2, 1, 'The Smile', 54, ''),
(2406, '2015-08-26', 'Tablet', 'Descarga', 75, 1, 4, 'Episode 4', 54, ''),
(2407, '2015-08-27', 'PC', 'Descarga', 33, 2, 2, 'Beirut Is Back', 47, ''),
(2408, '2015-08-27', 'PC', 'Descarga', 42, 3, 7, 'Monkey Business', 54, ''),
(2409, '2015-08-27', 'PC', 'Descarga', 43, 2, 7, 'The Born', 43, ''),
(2410, '2015-08-27', 'Móvil', 'Online', 73, 1, 8, 'Every Journey Finds New Friends', 3, ''),
(2411, '2015-08-27', 'PC', 'Descarga', 78, 1, 1, 'Pilot', 4, ''),
(2412, '2015-08-28', 'PC', 'Descarga', 33, 2, 3, 'State of Independence', 53, ''),
(2413, '2015-08-28', 'PC', 'Descarga', 76, 1, 3, 'Part 3', 55, ''),
(2414, '2015-08-28', 'PC', 'Descarga', 5, 3, 13, 'The Wrath of the Lamb', 42, ''),
(2415, '2015-08-28', 'Tablet', 'Descarga', 75, 1, 5, 'Episode 5', 54, ''),
(2416, '2015-08-29', 'PC', 'Descarga', 33, 2, 4, 'New Car Smell', 48, ''),
(2417, '2015-08-29', 'PC', 'Descarga', 71, 1, 9, 'The Dance', 39, ''),
(2418, '2015-08-30', 'PC', 'Descarga', 33, 2, 5, 'Q & A', 55, ''),
(2419, '2015-08-30', 'PC', 'Descarga', 33, 2, 6, 'A Gettysburg Address', 52, ''),
(2420, '2015-08-31', 'PC', 'Descarga', 33, 2, 7, 'The Cleaning', 55, ''),
(2421, '2015-08-31', 'PC', 'Descarga', 76, 1, 4, 'Part 4', 54, ''),
(2422, '2015-09-01', 'PC', 'Descarga', 33, 2, 8, 'I\'ll Fly Away', 50, ''),
(2423, '2015-09-01', 'Tablet', 'Descarga', 75, 1, 6, 'Episode 6', 51, ''),
(2424, '2015-09-02', 'PC', 'Descarga', 77, 1, 2, 'So Close, Yet So Far', 42, ''),
(2425, '2015-09-02', 'PC', 'Descarga', 43, 2, 8, 'Intruders', 43, ''),
(2426, '2015-09-03', 'PC', 'Descarga', 71, 1, 10, 'Revelations', 42, ''),
(2427, '2015-09-03', 'PC', 'Descarga', 33, 2, 9, 'Two Hats', 47, ''),
(2428, '2015-09-03', 'Móvil', 'Online', 73, 1, 9, 'A Hero Betrayed Has But One Chice', 3, ''),
(2429, '2015-09-03', 'PC', 'Descarga', 67, 1, 10, 'Eps1.9_zer0-day.avi', 54, ''),
(2430, '2015-09-03', 'Tablet', 'Descarga', 75, 1, 7, 'Episode 7', 58, ''),
(2431, '2015-09-04', 'PC', 'Descarga', 76, 1, 5, 'Part 5', 55, ''),
(2432, '2015-09-04', 'PC', 'Descarga', 78, 1, 2, 'Episode 2', 5, ''),
(2433, '2015-09-04', 'PC', 'Descarga', 33, 2, 10, 'Broken Hearts', 47, ''),
(2434, '2015-09-04', 'PC', 'Descarga', 33, 2, 11, 'In Memoriam', 51, ''),
(2435, '2015-09-04', 'PC', 'Descarga', 33, 2, 12, 'The Choice', 63, ''),
(2436, '2015-09-05', 'PC', 'Descarga', 76, 1, 6, 'Part 6', 71, ''),
(2437, '2015-09-05', 'PC', 'Descarga', 42, 3, 8, 'Surrogates', 52, ''),
(2438, '2015-09-06', 'TV', 'Descarga', 33, 3, 1, 'Tin Man Is Down', 57, ''),
(2439, '2015-09-07', 'PC', 'Descarga', 33, 3, 2, 'Uh… Oh… Ah…', 48, ''),
(2440, '2015-09-07', 'PC', 'Descarga', 33, 3, 3, 'Tower of David', 52, ''),
(2441, '2015-09-07', 'PC', 'Descarga', 33, 3, 4, 'Game On', 53, ''),
(2442, '2015-09-08', 'TV', 'Descarga', 33, 3, 5, 'The Yoga Play', 47, ''),
(2443, '2015-09-08', 'TV', 'Descarga', 33, 3, 6, 'Still Positive', 47, ''),
(2444, '2015-09-08', 'PC', 'Descarga', 75, 1, 8, 'Episode 8', 55, ''),
(2445, '2015-09-08', 'PC', 'Online', 73, 1, 10, 'You Don\'t Always Get What You Want or Need', 3, ''),
(2446, '2015-09-08', 'PC', 'Descarga', 42, 3, 9, 'High Anxiety', 55, ''),
(2447, '2015-09-09', 'PC', 'Descarga', 43, 2, 9, 'The Battle for Red Hook', 42, ''),
(2448, '2015-09-09', 'PC', 'Descarga', 75, 1, 9, 'Episode 9', 59, ''),
(2449, '2015-09-09', 'PC', 'Descarga', 33, 3, 7, 'Gerontion', 47, ''),
(2450, '2015-09-09', 'PC', 'Descarga', 75, 1, 10, 'Episode 10', 56, ''),
(2451, '2015-09-09', 'PC', 'Descarga', 33, 3, 8, 'A Red Wheelbarrow', 46, ''),
(2452, '2015-09-10', 'TV', 'Descarga', 33, 3, 9, 'One Last Thing', 56, ''),
(2453, '2015-09-10', 'TV', 'Descarga', 33, 3, 10, 'Good Night', 46, ''),
(2454, '2015-09-10', 'TV', 'Descarga', 33, 3, 11, 'Big Man in Tehran', 54, '');
INSERT INTO `capitulo` (`id_capitulo`, `fecha`, `medio`, `formato`, `serie`, `s`, `e`, `Titulo`, `Duracion`, `Comentario`) VALUES
(2455, '2015-09-11', 'TV', 'Descarga', 33, 3, 12, 'The Star', 60, ''),
(2456, '2015-09-11', 'PC', 'Descarga', 33, 4, 1, 'The Drone Queen', 47, ''),
(2457, '2015-09-11', 'PC', 'Descarga', 33, 4, 2, 'Trylon and Perisphere', 46, ''),
(2458, '2015-09-12', 'PC', 'Descarga', 33, 4, 3, 'Shalwar Kameez', 48, ''),
(2459, '2015-09-13', 'PC', 'Descarga', 33, 4, 4, 'Iron in the Fire', 51, ''),
(2460, '2015-09-13', 'PC', 'Descarga', 33, 4, 5, 'About a Boy', 46, ''),
(2461, '2015-09-13', 'PC', 'Descarga', 74, 1, 2, 'Mr. Paris Shoes', 46, ''),
(2462, '2015-09-13', 'PC', 'Descarga', 78, 1, 3, 'Episode 3', 4, ''),
(2463, '2015-09-13', 'PC', 'Descarga', 33, 4, 6, 'From A to B and Back Again', 48, ''),
(2464, '2015-09-14', 'PC', 'Descarga', 33, 4, 7, 'Redux', 50, ''),
(2465, '2015-09-14', 'PC', 'Descarga', 33, 4, 8, 'Halfway to a Donut', 49, ''),
(2466, '2015-09-14', 'PC', 'Descarga', 33, 4, 9, 'There\'s Something Else Going On', 46, ''),
(2467, '2015-09-14', 'PC', 'Descarga', 33, 4, 10, '13 Hours in Islamabad', 44, ''),
(2468, '2015-09-14', 'PC', 'Descarga', 33, 4, 11, 'Krieg Nicht Lieb', 44, ''),
(2469, '2015-09-14', 'PC', 'Descarga', 33, 4, 12, 'Long Time Coming', 52, ''),
(2470, '2015-09-15', 'PC', 'Descarga', 43, 2, 10, 'The Assassin', 40, ''),
(2471, '2015-09-15', 'PC', 'Online', 73, 1, 11, 'A Snare To Trap A Pure Maiden', 3, ''),
(2472, '2015-09-16', 'PC', 'Descarga', 42, 3, 10, 'Through a Glass, Darkly', 56, ''),
(2473, '2015-09-16', 'PC', 'Descarga', 78, 1, 4, 'Episode 4', 5, ''),
(2474, '2015-09-16', 'PC', 'Descarga', 74, 1, 3, 'The Busy Flea', 52, ''),
(2475, '2015-09-16', 'PC', 'Descarga', 79, 1, 1, 'Pilot', 44, ''),
(2476, '2015-09-16', 'PC', 'Descarga', 79, 1, 2, '0-8-4', 41, ''),
(2477, '2015-09-16', 'TV', 'YOMVI', 77, 1, 3, 'The Dog', 46, ''),
(2478, '2015-09-16', 'PC', 'Descarga', 79, 1, 3, 'The Asset', 42, ''),
(2479, '2015-09-17', 'PC', 'Descarga', 80, 1, 1, 'Pilot (1)', 45, ''),
(2480, '2015-09-17', 'PC', 'Descarga', 80, 1, 2, 'Pilot (2)', 44, ''),
(2481, '2015-09-17', 'PC', 'Descarga', 79, 1, 4, 'Eye Spy', 42, ''),
(2482, '2015-09-17', 'PC', 'Descarga', 79, 1, 5, 'Girl in the Flower Dress', 41, ''),
(2483, '2015-09-17', 'PC', 'Descarga', 79, 1, 6, 'F.Z.Z.T.', 42, ''),
(2484, '2015-09-18', 'PC', 'Descarga', 79, 1, 7, 'The Hub', 41, ''),
(2485, '2015-09-18', 'PC', 'Descarga', 74, 1, 4, 'Where\'s the Dignity?', 53, ''),
(2486, '2015-09-18', 'PC', 'Descarga', 79, 1, 8, 'The Well', 41, ''),
(2487, '2015-09-19', 'PC', 'Descarga', 79, 1, 9, 'Repairs', 42, ''),
(2488, '2015-09-19', 'PC', 'Descarga', 79, 1, 10, 'The Bridge', 41, ''),
(2489, '2015-09-19', 'PC', 'Descarga', 79, 1, 11, 'The Magical Place', 42, ''),
(2490, '2015-09-20', 'PC', 'Descarga', 79, 1, 12, 'Seeds', 42, ''),
(2491, '2015-09-20', 'PC', 'Descarga', 79, 1, 13, 'T.R.A.C.K.S.', 42, ''),
(2492, '2015-09-20', 'PC', 'Descarga', 79, 1, 14, 'T.A.H.I.T.I.', 42, ''),
(2493, '2015-09-21', 'PC', 'Descarga', 79, 1, 15, 'Yes Men', 42, ''),
(2494, '2015-09-21', 'PC', 'Descarga', 77, 1, 4, 'Not Fade Away', 46, ''),
(2495, '2015-09-22', 'PC', 'Descarga', 43, 2, 11, 'Dead End', 46, ''),
(2496, '2015-09-22', 'PC', 'Descarga', 47, 2, 1, 'Rise of the Villains: Damned If You Do…', 43, ''),
(2497, '2015-09-22', 'PC', 'Online', 73, 1, 12, 'No One Knows the End', 4, ''),
(2498, '2015-09-22', 'PC', 'Descarga', 42, 3, 11, 'Party of Four', 54, ''),
(2499, '2015-09-23', 'PC', 'Descarga', 81, 1, 1, 'Pilot', 43, ''),
(2500, '2015-09-23', 'PC', 'Descarga', 82, 1, 1, 'Pilot', 44, ''),
(2501, '2015-09-24', 'PC', 'Descarga', 83, 1, 1, 'Pilot', 43, ''),
(2502, '2015-09-25', 'PC', 'Descarga', 79, 1, 16, 'End of the Beginning', 41, ''),
(2503, '2015-09-25', 'PC', 'Descarga', 84, 1, 1, 'Pilot', 46, ''),
(2504, '2015-09-25', 'PC', 'Descarga', 84, 1, 2, 'Hell Week', 41, ''),
(2505, '2015-09-25', 'PC', 'Descarga', 46, 2, 1, 'It\'s Time to Move On', 42, ''),
(2506, '2015-09-25', 'PC', 'Descarga', 78, 1, 5, 'Episode 5', 6, ''),
(2507, '2015-09-26', 'PC', 'Descarga', 74, 1, 5, 'They Capture the Heat', 45, ''),
(2508, '2015-09-27', 'TV', 'Descarga', 79, 1, 17, 'Turn, Turn, Turn', 42, ''),
(2509, '2015-09-28', 'PC', 'Descarga', 79, 1, 18, 'Providence', 42, ''),
(2510, '2015-09-28', 'PC', 'Descarga', 79, 1, 19, 'The Only Light in the Darkness', 42, ''),
(2511, '2015-09-29', 'PC', 'Descarga', 58, 2, 1, 'Is There Anybody Out There?', 21, ''),
(2512, '2015-09-29', 'PC', 'Descarga', 29, 3, 1, 'New Captain', 21, ''),
(2513, '2015-09-29', 'PC', 'Descarga', 42, 3, 12, 'Full Ten Count', 53, ''),
(2514, '2015-09-30', 'PC', 'Descarga', 77, 1, 5, 'Cobalt', 44, ''),
(2515, '2015-09-30', 'PC', 'Descarga', 85, 1, 1, 'Run', 43, ''),
(2516, '2015-10-01', 'PC', 'Descarga', 84, 1, 3, 'Chainsaw', 43, ''),
(2517, '2015-10-02', 'PC', 'Descarga', 43, 2, 12, 'Fallen Light', 42, ''),
(2518, '2015-10-02', 'PC', 'Descarga', 47, 2, 2, 'Rise of the Villains: Knock, Knock', 43, ''),
(2519, '2015-10-02', 'PC', 'Descarga', 78, 1, 6, 'Episode 6', 6, ''),
(2520, '2015-10-02', 'PC', 'Descarga', 81, 1, 2, 'A Stray Howl', 41, ''),
(2521, '2015-10-02', 'PC', 'Descarga', 83, 1, 2, 'Badge! Gun!', 43, ''),
(2522, '2015-10-03', 'PC', 'Descarga', 79, 1, 20, 'Nothing Personal', 42, ''),
(2523, '2015-10-03', 'PC', 'Descarga', 79, 1, 21, 'Ragtag', 42, ''),
(2524, '2015-10-04', 'PC', 'Descarga', 79, 1, 22, 'Beginning of the End', 42, ''),
(2525, '2015-10-04', 'TV', 'Descarga', 86, 1, 1, 'Pharmacy', 63, ''),
(2526, '2015-10-04', 'TV', 'Descarga', 1, 2, 1, 'L\'Enfant', 51, ''),
(2527, '2015-10-05', 'PC', 'Descarga', 86, 1, 2, 'Incoming Tide', 55, ''),
(2528, '2015-10-05', 'PC', 'Descarga', 33, 5, 1, 'Separation Anxiety', 48, ''),
(2529, '2015-10-06', 'PC', 'Descarga', 46, 2, 2, 'She\'s Dying', 42, ''),
(2530, '2015-10-06', 'PC', 'Descarga', 75, 2, 1, 'Episode 1', 57, ''),
(2531, '2015-10-07', 'PC', 'Descarga', 58, 2, 2, 'The Boo', 21, ''),
(2532, '2015-10-07', 'PC', 'Descarga', 84, 1, 4, 'Haunted House', 43, ''),
(2533, '2015-10-08', 'PC', 'Descarga', 77, 1, 6, 'The Good Man', 50, ''),
(2534, '2015-10-09', 'PC', 'Descarga', 13, 5, 1, 'Checking In', 62, ''),
(2535, '2015-10-10', 'TV', 'Descarga', 46, 2, 3, 'It\'s Called the Octopus', 42, ''),
(2536, '2015-10-11', 'TV', 'Descarga', 29, 3, 2, 'The Funeral', 21, ''),
(2537, '2015-10-12', 'PC', 'Descarga', 43, 2, 13, 'Night Train', 44, ''),
(2538, '2015-10-12', 'PC', 'Descarga', 85, 1, 2, 'America', 42, ''),
(2539, '2015-10-12', 'PC', 'Online', 87, 1, 1, 'The Strongest Man', 24, ''),
(2540, '2015-10-13', 'PC', 'Descarga', 47, 2, 3, 'Rise of the Villains: The Last Laugh', 43, ''),
(2541, '2015-10-14', 'PC', 'Descarga', 58, 2, 3, 'Dead Man Walking', 21, ''),
(2542, '2015-10-14', 'PC', 'Descarga', 75, 2, 2, 'Episode 2', 58, ''),
(2543, '2015-10-14', 'PC', 'Descarga', 72, 2, 1, 'Chapter Twenty-Three', 42, ''),
(2544, '2015-10-14', 'PC', 'Descarga', 36, 2, 1, 'Waiting for Dutch', 47, ''),
(2545, '2015-10-15', 'PC', 'Descarga', 84, 1, 5, 'Pumpkin Patch', 42, ''),
(2546, '2015-10-15', 'PC', 'Descarga', 38, 2, 1, 'The Man Who Saved Central City', 42, ''),
(2547, '2015-10-15', 'PC', 'Descarga', 41, 4, 1, 'Green Arrow', 42, ''),
(2548, '2015-10-15', 'PC', 'Descarga', 81, 1, 3, 'Eight Slim Grins', 41, ''),
(2549, '2015-10-15', 'PC', 'Descarga', 83, 1, 3, 'The Legend of Marco Ramos', 42, ''),
(2550, '2015-10-15', 'PC', 'Online', 87, 1, 2, 'The Lone Cyborg', 24, ''),
(2551, '2015-10-16', 'PC', 'Descarga', 33, 5, 2, 'The Tradition of Hospitality', 47, ''),
(2552, '2015-10-16', 'PC', 'Descarga', 13, 5, 2, 'Chutes and Ladders', 70, ''),
(2553, '2015-10-17', 'PC', 'Descarga', 4, 6, 1, 'First Time Again', 64, ''),
(2554, '2015-10-17', 'PC', 'Descarga', 85, 1, 3, 'Cover', 42, ''),
(2555, '2015-10-18', 'TV', 'Descarga', 29, 3, 3, 'Boyle\'s Hunch', 21, ''),
(2556, '2015-10-18', 'TV', 'Descarga', 47, 2, 4, 'Rise of the Villains: Strike Force', 44, ''),
(2557, '2015-10-18', 'TV', 'Descarga', 81, 1, 4, 'Bone May Rot', 42, ''),
(2558, '2015-10-18', 'TV', 'Descarga', 38, 2, 2, 'Flash of Two Worlds', 42, ''),
(2559, '2015-10-18', 'TV', 'Descarga', 41, 4, 2, 'The Candidate', 42, ''),
(2560, '2015-10-18', 'PC', 'Online', 87, 1, 3, 'The Obsessive Scientist', 24, ''),
(2561, '2015-10-18', 'PC', 'Descarga', 83, 1, 4, 'Page 44', 42, ''),
(2562, '2015-10-19', 'PC', 'Descarga', 46, 2, 4, 'Skanks Get Shanked', 42, ''),
(2563, '2015-10-19', 'PC', 'Descarga', 75, 2, 3, 'Episode 3', 55, ''),
(2564, '2015-10-20', 'PC', 'Descarga', 58, 2, 4, 'C to the T', 21, ''),
(2565, '2015-10-20', 'PC', 'Descarga', 4, 6, 2, 'JSS', 42, ''),
(2566, '2015-10-21', 'PC', 'Descarga', 85, 1, 4, 'Kill', 42, ''),
(2567, '2015-10-21', 'PC', 'Descarga', 36, 2, 2, 'Before the Law', 56, ''),
(2568, '2015-10-22', 'PC', 'Descarga', 33, 5, 3, 'Super Powers', 57, ''),
(2569, '2015-10-22', 'PC', 'Descarga', 84, 1, 6, 'Seven Minutes in Hell', 41, ''),
(2570, '2015-10-22', 'PC', 'Descarga', 72, 2, 2, 'Chapter Twenty-Four', 41, ''),
(2571, '2015-10-23', 'PC', 'Descarga', 29, 3, 4, 'The Oolong Slayer', 21, ''),
(2572, '2015-10-23', 'PC', 'Descarga', 81, 1, 5, 'Split the Law', 42, ''),
(2573, '2015-10-23', 'PC', 'Descarga', 47, 2, 5, 'Rise of the Villains: Scarification', 42, ''),
(2574, '2015-10-23', 'PC', 'Descarga', 13, 5, 3, 'Mommy', 52, ''),
(2575, '2015-10-24', 'PC', 'Descarga', 38, 2, 3, 'Family of Rogues', 42, ''),
(2576, '2015-10-24', 'PC', 'Descarga', 41, 4, 3, 'Restoration', 42, ''),
(2577, '2015-10-24', 'PC', 'Descarga', 83, 1, 5, 'Personality Crisis', 41, ''),
(2578, '2015-10-25', 'PC', 'Descarga', 86, 1, 3, 'A Different Road', 52, ''),
(2579, '2015-10-25', 'PC', 'Descarga', 86, 1, 4, 'Security', 60, ''),
(2580, '2015-10-25', 'PC', 'Descarga', 46, 2, 4, 'Meet Bonnie', 42, ''),
(2581, '2015-10-26', 'PC', 'Descarga', 4, 6, 3, 'Thank You', 42, ''),
(2582, '2015-10-26', 'PC', 'Descarga', 33, 5, 4, 'Why Is This Night Different?', 47, ''),
(2583, '2015-10-26', 'PC', 'Descarga', 29, 3, 5, 'Halloween III', 21, ''),
(2584, '2015-10-26', 'PC', 'Descarga', 58, 2, 5, 'Crickets', 21, ''),
(2585, '2015-10-27', 'PC', 'Descarga', 85, 1, 5, 'Found', 42, ''),
(2586, '2015-10-28', 'PC', 'Descarga', 75, 2, 4, 'Episode 4', 54, ''),
(2587, '2015-10-29', 'PC', 'Descarga', 38, 2, 4, 'The Fury of Firestorm', 42, ''),
(2588, '2015-10-29', 'PC', 'Online', 87, 1, 4, 'The Modern Ninja', 24, ''),
(2589, '2015-10-29', 'PC', 'Descarga', 88, 1, 1, 'Pilot', 46, ''),
(2590, '2015-10-29', 'PC', 'Descarga', 36, 2, 3, 'The Myth of Sisyphus', 46, ''),
(2591, '2015-10-29', 'PC', 'Descarga', 41, 4, 4, 'Beyond Redemption', 42, ''),
(2592, '2015-10-30', 'PC', 'Descarga', 72, 2, 3, 'Chapter Twenty-Five', 41, ''),
(2593, '2015-10-30', 'TV', 'Descarga', 47, 2, 6, 'By Fire', 43, ''),
(2594, '2015-10-30', 'TV', 'Descarga', 13, 5, 4, 'Devil\'s Night', 46, ''),
(2595, '2015-10-30', 'TV', 'Descarga', 1, 2, 2, 'Milan', 57, ''),
(2596, '2015-10-31', 'PC', 'Descarga', 83, 1, 6, 'Side Effects May Include…', 42, ''),
(2597, '2015-11-01', 'PC', 'Netflix', 89, 1, 1, 'Descenso', 57, ''),
(2598, '2015-11-01', 'TV', 'Netflix', 89, 1, 2, 'The Sword of Simón Bolívar', 47, ''),
(2599, '2015-11-01', 'TV', 'Netflix', 89, 1, 3, 'The Men of Always', 46, ''),
(2600, '2015-11-01', 'TV', 'Netflix', 89, 1, 4, 'The Palace in Flames', 43, ''),
(2601, '2015-11-01', 'TV', 'Netflix', 89, 1, 5, 'There Will Be a Future', 56, ''),
(2602, '2015-11-01', 'TV', 'Online', 87, 1, 5, 'The Ultimate Mentor', 24, ''),
(2603, '2015-11-02', 'PC', 'Descarga', 46, 2, 6, 'Two Birds, One Millstone', 42, ''),
(2604, '2015-11-02', 'PC', 'Descarga', 90, 1, 1, 'El Jefe', 40, ''),
(2605, '2015-11-02', 'TV', 'Descarga', 33, 5, 5, 'Better Call Saul', 51, ''),
(2606, '2015-11-02', 'TV', 'Descarga', 4, 6, 4, 'Here\'s Not Here', 64, ''),
(2607, '2015-11-02', 'PC', 'Descarga', 89, 1, 6, 'Explosivos', 46, ''),
(2608, '2015-11-03', 'PC', 'Descarga', 75, 2, 5, 'Episode 5', 58, ''),
(2609, '2015-11-04', 'PC', 'Descarga', 36, 2, 4, 'Fear and Trembling', 51, ''),
(2610, '2015-11-04', 'PC', 'Descarga', 88, 1, 2, 'Stronger Together', 44, ''),
(2611, '2015-11-05', 'PC', 'Descarga', 84, 1, 7, 'Beware of Young Girls', 44, ''),
(2612, '2015-11-05', 'PC', 'Descarga', 72, 2, 4, 'Chapter Twenty-Six', 41, ''),
(2613, '2015-11-05', 'PC', 'Descarga', 47, 2, 7, 'Rise of the Villains: Mommy\'s Little Monster', 44, ''),
(2614, '2015-11-06', 'PC', 'Descarga', 38, 2, 5, 'The Darkness and the Light', 42, ''),
(2615, '2015-11-06', 'PC', 'Descarga', 41, 4, 5, 'Haunted', 42, ''),
(2616, '2015-11-06', 'PC', 'Descarga', 13, 5, 5, 'Room Service', 46, ''),
(2617, '2015-11-07', 'TV', 'Netflix', 89, 1, 7, 'You Will Cry Tears of Blood', 50, ''),
(2618, '2015-11-08', 'PC', 'Netflix', 89, 1, 8, 'La Gran Mentira', 50, ''),
(2619, '2015-11-08', 'PC', 'Netflix', 89, 1, 9, 'La Catedral', 50, ''),
(2620, '2015-11-08', 'PC', 'Netflix', 89, 1, 10, 'Despegue', 45, ''),
(2621, '2015-11-08', 'TV', 'Descarga', 83, 1, 7, 'Brian Finch\'s Black Op', 42, ''),
(2622, '2015-11-08', 'PC', 'Descarga', 90, 1, 2, 'Bait', 27, ''),
(2623, '2015-11-08', 'TV', 'Online', 87, 1, 6, 'The Terrifying City', 24, ''),
(2624, '2015-11-09', 'PC', 'Descarga', 74, 1, 6, 'Start Calling Me Dad', 51, ''),
(2625, '2015-11-09', 'PC', 'Descarga', 46, 2, 7, 'I Want You to Die', 42, ''),
(2626, '2015-11-10', 'PC', 'Descarga', 4, 6, 5, 'Now', 43, ''),
(2627, '2015-11-10', 'PC', 'Descarga', 58, 2, 6, 'A Real Live Wire', 21, ''),
(2628, '2015-11-10', 'PC', 'Descarga', 75, 2, 6, 'Episode 6', 55, ''),
(2629, '2015-11-11', 'PC', 'Descarga', 33, 5, 6, 'Parabiosis', 45, ''),
(2630, '2015-11-11', 'PC', 'Descarga', 85, 1, 7, 'Go', 42, ''),
(2631, '2015-11-11', 'PC', 'Descarga', 36, 2, 5, 'The Gift of the Magi', 52, ''),
(2632, '2015-11-12', 'PC', 'Descarga', 88, 1, 3, 'Fight or Flight', 44, ''),
(2633, '2015-11-12', 'PC', 'Descarga', 47, 2, 8, 'Rise of the Villains: Tonight\'s the Night', 44, ''),
(2634, '2015-11-13', 'PC', 'Descarga', 29, 3, 6, 'Into the Woods', 21, ''),
(2635, '2015-11-13', 'PC', 'Descarga', 72, 2, 5, 'Chapter Twenty-Seven', 42, ''),
(2636, '2015-11-13', 'PC', 'Descarga', 13, 5, 6, 'Room 33', 50, ''),
(2637, '2015-11-14', 'PC', 'Descarga', 38, 2, 6, 'Enter Zoom', 41, ''),
(2638, '2015-11-14', 'PC', 'Descarga', 84, 1, 8, 'Mommie Dearest', 42, ''),
(2639, '2015-11-15', 'PC', 'Descarga', 41, 4, 6, 'Lost Souls', 42, ''),
(2640, '2015-11-15', 'TV', 'Online', 87, 1, 7, 'The Ultimate Disciple', 24, ''),
(2641, '2015-11-16', 'PC', 'Descarga', 46, 2, 8, 'Hi, I\'m Philip', 42, ''),
(2642, '2015-11-17', 'PC', 'Descarga', 90, 1, 3, 'Books from Beyond', 27, ''),
(2643, '2015-11-17', 'PC', 'Descarga', 4, 6, 6, 'Always Accountable', 42, ''),
(2644, '2015-11-18', 'PC', 'Descarga', 75, 2, 7, 'Episode 7', 58, ''),
(2645, '2015-11-18', 'PC', 'Descarga', 72, 2, 6, 'Chapter Twenty-Eight', 42, ''),
(2646, '2015-11-19', 'PC', 'Descarga', 36, 2, 6, 'Rhinoceros', 44, ''),
(2647, '2015-11-19', 'PC', 'Descarga', 33, 5, 7, 'Oriole', 49, ''),
(2648, '2015-11-20', 'PC', 'Descarga', 38, 2, 7, 'Gorilla Warfare', 42, ''),
(2649, '2015-11-20', 'PC', 'Descarga', 41, 4, 7, 'Brotherhood', 42, ''),
(2650, '2015-11-20', 'PC', 'Descarga', 13, 5, 7, 'Flicker', 42, ''),
(2651, '2015-11-21', 'PC', 'Descarga', 85, 1, 8, 'Over', 42, ''),
(2652, '2015-11-21', 'PC', 'Descarga', 46, 2, 9, 'What Did We Do?', 42, ''),
(2653, '2015-11-22', 'PC', 'Descarga', 84, 1, 9, 'Ghost Stories', 42, ''),
(2654, '2015-11-22', 'PC', 'Descarga', 58, 2, 7, 'Baby Steps', 21, ''),
(2655, '2015-11-23', 'PC', 'Descarga', 74, 1, 7, 'Get the Rope', 40, ''),
(2656, '2015-11-23', 'PC', 'Online', 87, 1, 8, 'The Deep Sea King', 22, ''),
(2657, '2015-11-24', 'PC', 'Descarga', 29, 3, 7, 'The Mattress', 21, ''),
(2658, '2015-11-24', 'PC', 'Descarga', 90, 1, 4, 'El Brujo', 27, ''),
(2659, '2015-11-25', 'PC', 'Descarga', 47, 2, 9, 'Rise of the Villains: A Bitter Pill to Swallow', 43, ''),
(2660, '2015-11-26', 'PC', 'Descarga', 36, 2, 7, 'Did You Do This? No, You Did It!', 56, ''),
(2661, '2015-11-27', 'PC', 'Descarga', 33, 5, 8, 'All About Allison', 57, ''),
(2662, '2015-11-27', 'PC', 'Descarga', 4, 6, 7, 'Heads Up', 42, ''),
(2663, '2015-11-28', 'PC', 'Descarga', 47, 2, 10, 'Rise of the Villains: The Son of Gotham', 43, ''),
(2664, '2015-11-29', 'PC', 'Descarga', 75, 2, 8, 'Episode 8', 57, ''),
(2665, '2015-11-30', 'PC', 'Descarga', 4, 6, 8, 'Start to Finish', 41, ''),
(2666, '2015-11-30', 'PC', 'Descarga', 33, 5, 9, 'The Litvinov Ruse', 54, ''),
(2667, '2015-12-01', 'PC', 'Descarga', 84, 1, 10, 'Thanksgiving', 43, ''),
(2668, '2015-12-01', 'PC', 'Descarga', 72, 2, 7, 'Chapter Twenty-Nine', 42, ''),
(2669, '2015-12-02', 'PC', 'Online', 87, 1, 9, 'Unyielding Justice', 22, ''),
(2670, '2015-12-02', 'PC', 'Descarga', 29, 3, 8, 'Ava', 21, ''),
(2671, '2015-12-02', 'PC', 'Descarga', 36, 2, 8, 'Loplop', 59, ''),
(2672, '2015-12-02', 'PC', 'Descarga', 58, 2, 8, 'No Bull', 21, ''),
(2673, '2015-12-03', 'PC', 'Descarga', 75, 2, 9, 'Episode 9', 59, ''),
(2674, '2015-12-03', 'PC', 'Descarga', 84, 1, 11, 'Black Friday', 42, ''),
(2675, '2015-12-04', 'PC', 'Descarga', 38, 2, 8, 'Legends of Today', 43, ''),
(2676, '2015-12-04', 'PC', 'Descarga', 41, 4, 8, 'Legends of Yesterday', 44, ''),
(2677, '2015-12-04', 'PC', 'Descarga', 13, 5, 8, 'The Ten Commandments Killer', 44, ''),
(2678, '2015-12-04', 'PC', 'Netflix', 91, 1, 1, 'AKA Ladies Night', 50, ''),
(2679, '2015-12-04', 'PC', 'Descarga', 90, 1, 5, 'The Host', 22, ''),
(2680, '2015-12-05', 'PC', 'Netflix', 91, 1, 2, 'AKA Crush Syndrome', 50, ''),
(2681, '2015-12-05', 'PC', 'Netflix', 91, 1, 3, 'AKA It\'s alled Whiskey', 52, ''),
(2682, '2015-12-05', 'PC', 'Netflix', 91, 1, 4, 'AKA 99 Friends', 46, ''),
(2683, '2015-12-05', 'PC', 'Netflix', 91, 1, 5, 'AKA The Sandwich Saved Me', 48, ''),
(2684, '2015-12-05', 'PC', 'Netflix', 91, 1, 6, 'AKA You\'re a Winner', 52, ''),
(2685, '2015-12-06', 'PC', 'Descarga', 47, 2, 11, 'Rise of the Villains: Worse Than A Crime', 43, ''),
(2686, '2015-12-06', 'PC', 'Descarga', 85, 1, 9, 'Guilty', 42, ''),
(2687, '2015-12-06', 'PC', 'Descarga', 90, 1, 6, 'The Killer of Killers', 23, ''),
(2688, '2015-12-06', 'PC', 'Online', 88, 1, 4, 'How Does She Do It?', 44, ''),
(2689, '2015-12-06', 'PC', 'Descarga', 88, 1, 5, 'Livewire', 43, ''),
(2690, '2015-12-06', 'PC', 'Descarga', 88, 1, 6, 'Red Faced', 44, ''),
(2691, '2015-12-06', 'TV', 'Online', 87, 1, 10, 'Unparalleled Peril', 22, ''),
(2692, '2015-12-07', 'TV', 'Netflix', 91, 1, 7, 'AKA Top Shelf Perverts', 53, ''),
(2693, '2015-12-07', 'TV', 'Netflix', 91, 1, 8, 'AKA WWJD?', 48, ''),
(2694, '2015-12-07', 'TV', 'Netflix', 91, 1, 9, 'AKA Sin Bin', 53, ''),
(2695, '2015-12-07', 'TV', 'Descarga', 66, 2, 1, 'Kina Hora', 29, ''),
(2696, '2015-12-07', 'TV', 'Netflix', 91, 1, 10, 'AKA 1000 Cuts', 44, ''),
(2697, '2015-12-07', 'TV', 'Netflix', 91, 1, 11, 'AKA I\'ve Got the Blues', 48, ''),
(2698, '2015-12-07', 'TV', 'Netflix', 91, 1, 12, 'AKA Take a Bloody Number', 51, ''),
(2699, '2015-12-07', 'TV', 'Netflix', 91, 1, 13, 'AKA Smile', 50, ''),
(2700, '2015-12-08', 'TV', 'Descarga', 33, 5, 10, 'New Normal', 51, ''),
(2701, '2015-12-08', 'TV', 'Descarga', 29, 3, 9, 'The Swedes', 21, ''),
(2702, '2015-12-08', 'TV', 'Descarga', 36, 2, 9, 'The Castle', 46, ''),
(2703, '2015-12-08', 'TV', 'Descarga', 58, 2, 9, 'Secret Santa', 21, ''),
(2704, '2015-12-09', 'PC', 'Descarga', 85, 1, 10, 'Quantico', 42, ''),
(2705, '2015-12-10', 'PC', 'Descarga', 38, 2, 9, 'Running to Stand Still', 42, ''),
(2706, '2015-12-11', 'PC', 'Descarga', 75, 2, 10, 'Episode 10', 58, ''),
(2707, '2015-12-11', 'PC', 'Descarga', 41, 4, 9, 'Dark Waters', 42, ''),
(2708, '2015-12-11', 'PC', 'Descarga', 13, 5, 9, 'She Wants Revenge', 44, ''),
(2709, '2015-12-11', 'PC', 'Descarga', 88, 1, 7, 'Human for a Day', 43, ''),
(2710, '2015-12-12', 'PC', 'Descarga', 83, 1, 8, 'When Pirates Pirate Pirates', 42, ''),
(2711, '2015-12-12', 'TV', 'Descarga', 84, 1, 12, 'Dorkus', 42, ''),
(2712, '2015-12-12', 'TV', 'Descarga', 84, 1, 13, 'The Final Girl(s)', 42, ''),
(2713, '2015-12-13', 'PC', 'Descarga', 83, 1, 9, 'Headquarters!', 43, ''),
(2714, '2015-12-13', 'PC', 'Descarga', 83, 1, 10, 'Arm-ageddon', 43, ''),
(2715, '2015-12-13', 'TV', 'Online', 87, 1, 11, 'The Dominator of the Universe', 22, ''),
(2716, '2015-12-14', 'PC', 'Descarga', 33, 5, 11, 'Our Man In Damascus', 59, ''),
(2717, '2015-12-15', 'PC', 'Descarga', 85, 1, 11, 'Inside', 42, ''),
(2718, '2015-12-15', 'PC', 'Descarga', 90, 1, 7, 'Fire in the Hole', 24, ''),
(2719, '2015-12-16', 'PC', 'Netflix', 50, 2, 7, 'Chapter 20', 46, ''),
(2720, '2015-12-16', 'PC', 'Descarga', 58, 2, 10, 'Silent Night', 21, ''),
(2721, '2015-12-16', 'PC', 'Descarga', 36, 2, 10, 'Palindrome', 50, ''),
(2722, '2015-12-17', 'PC', 'Descarga', 75, 2, 11, 'Episode 11', 57, ''),
(2723, '2015-12-17', 'PC', 'Netflix', 50, 2, 8, 'Chapter 21', 46, ''),
(2724, '2015-12-18', 'PC', 'Descarga', 13, 5, 10, 'She Gets Revenge', 49, ''),
(2725, '2015-12-18', 'PC', 'Descarga', 66, 2, 2, 'Flicky-Flicky Thump-Thump', 27, ''),
(2726, '2015-12-18', 'PC', 'Descarga', 66, 2, 3, 'New World Coming', 24, ''),
(2727, '2015-12-19', 'PC', 'Descarga', 66, 2, 4, 'Cherry Blossoms', 27, ''),
(2728, '2015-12-21', 'PC', 'Descarga', 75, 2, 12, 'Episode 12', 67, ''),
(2729, '2015-12-22', 'PC', 'Descarga', 29, 3, 10, 'Yippie Kayak', 21, ''),
(2730, '2015-12-22', 'PC', 'Descarga', 33, 5, 12, 'A False Glimmer', 55, ''),
(2731, '2015-12-22', 'PC', 'Descarga', 72, 2, 8, 'Chapter Thirty', 41, ''),
(2732, '2015-12-22', 'PC', 'Online', 87, 1, 12, 'The Strongest Hero', 22, ''),
(2733, '2015-12-22', 'PC', 'Descarga', 92, 1, 1, 'Pilot', 47, ''),
(2734, '2015-12-23', 'TV', 'Netflix', 50, 2, 9, 'Chapter 22', 47, ''),
(2735, '2015-12-23', 'TV', 'Netflix', 50, 2, 10, 'Chapter 23', 48, ''),
(2736, '2015-12-24', 'TV', 'Descarga', 90, 1, 8, 'Ashes to Ashes', 23, ''),
(2737, '2015-12-24', 'TV', 'Netflix', 50, 2, 11, 'Chapter 24', 51, ''),
(2738, '2015-12-24', 'PC', 'Netflix', 50, 2, 12, 'Chapter 25', 48, ''),
(2739, '2015-12-25', 'PC', 'Netflix', 50, 2, 13, 'Chapter 26', 58, ''),
(2740, '2015-12-25', 'PC', 'Descarga', 88, 1, 8, 'Hostile Takeover', 43, ''),
(2741, '2015-12-25', 'PC', 'Descarga', 83, 1, 11, 'This Is Your Brian on Drugs', 43, ''),
(2742, '2015-12-26', 'PC', 'Descarga', 50, 3, 1, 'Chapter 27', 58, ''),
(2743, '2015-12-26', 'PC', 'Descarga', 50, 3, 2, 'Chapter 28', 52, ''),
(2744, '2015-12-28', 'PC', 'Descarga', 50, 3, 3, 'Chapter 29', 52, ''),
(2745, '2015-12-29', 'PC', 'Descarga', 90, 1, 9, 'Bound In Flesh', 28, ''),
(2746, '2015-12-30', 'PC', 'Descarga', 50, 3, 4, 'Chapter 30', 45, ''),
(2747, '2015-12-30', 'PC', 'Descarga', 50, 3, 5, 'Chapter 31', 49, ''),
(2748, '2015-12-30', 'TV', 'Netflix', 93, 1, 1, 'Kimmy Goes Outside!', 24, ''),
(2749, '2015-12-30', 'TV', 'Netflix', 93, 1, 2, 'Kimmy Gets a Job!', 24, ''),
(2750, '2015-12-30', 'TV', 'Netflix', 93, 1, 3, 'Kimmy Goes on a Date!', 24, ''),
(2751, '2015-12-30', 'TV', 'Netflix', 93, 1, 4, 'Kimmy Goes to the Doctor!', 24, ''),
(2752, '2015-12-30', 'TV', 'Netflix', 93, 1, 5, 'Kimmy Kisses a Boy!', 24, ''),
(2753, '2015-12-31', 'PC', 'Descarga', 50, 3, 6, 'Chapter 32', 51, ''),
(2756, '2016-01-01', 'TV', 'Netflix', 93, 1, 6, 'Kimmy Goes to School!', 22, 'Primer capítulo del año. \nRafaela con resaca.'),
(2757, '2016-01-01', 'TV', 'Netflix', 93, 1, 7, 'Kimmy Goes to a Party!', 24, ''),
(2758, '2016-01-01', 'TV', 'Netflix', 93, 1, 8, 'Kimmy Is Bad at Math!', 24, ''),
(2759, '2016-01-01', 'TV', 'Netflix', 93, 1, 9, 'Kimmy Has a Birthday!', 24, ''),
(2760, '2016-01-02', 'PC', 'Netflix', 93, 1, 10, 'Kimmy Is in a Love Triangle!', 28, 'Aparece Dean Norris.'),
(2761, '2016-01-02', 'PC', 'Netflix', 93, 1, 11, 'Kimmy Rides a Bike!', 23, ''),
(2762, '2016-01-02', 'TV', 'Descarga', 27, 4, 0, 'The Abominable Bride', 88, 'Especial de Navidad en el que Sherlock y Watson aparecen con los trajes tradicionales del siglo XIX.'),
(2763, '2016-01-02', 'PC', 'Netflix', 93, 1, 12, 'Kimmy Goes to Curt!', 25, ''),
(2764, '2016-01-02', 'PC', 'Netflix', 93, 1, 13, 'Kimmy Makes Waffles!', 26, ''),
(2765, '2016-01-03', 'PC', 'Descarga', 50, 3, 7, 'Chapter 33', 50, ''),
(2766, '2016-01-03', 'PC', 'Descarga', 50, 3, 8, 'Chapter 34', 41, ''),
(2767, '2016-01-04', 'TV', 'Descarga', 90, 1, 10, 'The Dark One', 32, ''),
(2768, '2016-01-05', 'PC', 'Descarga', 50, 3, 9, 'Chapter 35', 50, ''),
(2769, '2016-01-06', 'PC', 'Descarga', 50, 3, 10, 'Chapter 36', 54, ''),
(2770, '2016-01-06', 'PC', 'Descarga', 50, 3, 11, 'Chapter 37', 52, 'Intenso debate entre Frank Underwood, Jackie Sharp y Heather Dunbar, posiblemente el mejor episodio de la serie.'),
(2771, '2016-01-06', 'PC', 'Descarga', 50, 3, 12, 'Chapter 38', 47, ''),
(2772, '2016-01-06', 'PC', 'Descarga', 50, 3, 13, 'Chapter 39', 55, 'Buen cliffhanger de final de temporada.'),
(2773, '2016-01-07', 'PC', 'Descarga', 83, 1, 12, 'The Assassination of Eddie Morra', 41, 'Aparece Bradley Cooper.'),
(2774, '2016-01-07', 'TV', 'Netflix', 94, 1, 1, 'First You Dream, Then You Die', 44, ''),
(2775, '2016-01-07', 'PC', 'Netflix', 94, 1, 2, 'Nice Town You Picked, Norma…', 42, ''),
(2776, '2016-01-08', 'PC', 'Descarga', 29, 3, 11, 'Hostage Situation', 21, ''),
(2777, '2016-01-08', 'PC', 'Descarga', 13, 5, 11, 'Battle Royale', 45, 'Tan malo como todos los anteriores de esta temporada'),
(2778, '2016-01-09', 'PC', 'Netflix', 94, 1, 3, 'What\'s Wrong with Norman', 42, ''),
(2779, '2016-01-09', 'PC', 'Netflix', 94, 1, 4, 'Trust Me', 43, ''),
(2780, '2016-01-09', 'PC', 'Netflix', 94, 1, 5, 'Ocean View', 42, ''),
(2781, '2016-01-09', 'PC', 'Netflix', 94, 1, 6, 'The Truth', 42, ''),
(2782, '2016-01-10', 'PC', 'Netflix', 94, 1, 7, 'The Man in Number 9', 42, 'Norman Bates está muy loco.'),
(2783, '2016-01-10', 'PC', 'Online', 95, 1, 1, 'Collector', 23, ''),
(2784, '2016-01-10', 'PC', 'Netflix', 94, 1, 8, 'A Boy and His Dog', 42, ''),
(2785, '2016-01-11', 'PC', 'Descarga', 74, 1, 8, 'Working Late a Lot', 49, ''),
(2786, '2016-01-11', 'PC', 'Netflix', 94, 1, 9, 'Underwater', 43, ''),
(2787, '2016-01-12', 'PC', 'Netflix', 94, 1, 10, 'Midnight', 42, 'Temporada bastante decente, la historia no daba para mucho y por eso se buscan nuevos rollos entre los personajes. Aun así se va desarrollando la locura de Norman Bates.'),
(2788, '2016-01-12', 'PC', 'Netflix', 96, 1, 1, 'Eighteen Years Lost', 64, 'Si el final es cierto y no solo lo que parece, esta historia puede ser muy buena y dar mucho juego.'),
(2789, '2016-01-12', 'PC', 'Descarga', 74, 1, 9, 'The Golden Lotus', 41, ''),
(2790, '2016-01-13', 'PC', 'Netflix', 96, 1, 2, 'Turning the Tables', 57, 'Increíble lo mezquino que puede llegar a ser el hombre. No sé cuánto pasará en la cárcel otra vez. Qué mala suerte.'),
(2791, '2016-01-14', 'PC', 'Descarga', 74, 1, 10, 'Crutchfield', 55, 'Magnífica primera temporada en la que destaca especialmente su brillante dirección.'),
(2792, '2016-01-14', 'PC', 'Netflix', 96, 1, 3, 'Plight of the Accused', 61, ''),
(2793, '2016-01-15', 'PC', 'Netflix', 96, 1, 4, 'Indefensible', 60, ''),
(2794, '2016-01-15', 'PC', 'Descarga', 88, 1, 9, 'Blood Bonds', 44, ''),
(2795, '2016-01-15', 'PC', 'Descarga', 13, 5, 12, 'Be Our Guest', 48, ''),
(2796, '2016-01-15', 'PC', 'Netflix', 96, 1, 5, 'The Last Person to See Teresa Alive', 61, ''),
(2797, '2016-01-16', 'TV', 'Netflix', 96, 1, 6, 'Testing the Evidence', 59, 'Por fin se van aclarando las cosas y ahora todo apunta directamente al sheriff.'),
(2798, '2016-01-17', 'TV', 'Netflix', 96, 1, 7, 'Framing Defense', 63, ''),
(2799, '2016-01-17', 'PC', 'Online', 95, 1, 2, 'Loser', 23, ''),
(2800, '2016-01-17', 'TV', 'Netflix', 96, 1, 8, 'The Great Burden', 48, ''),
(2801, '2016-01-18', 'PC', 'Netflix', 97, 1, 1, 'The Mortal Cup', 44, 'Demasiado adolescente como para ser considerada como seria. Además los actores son muy malos.'),
(2802, '2016-01-19', 'PC', 'Netflix', 98, 1, 1, 'Limbic Resonance', 63, 'Muy confuso y ambiguo. No sé si seguir viéndola.'),
(2803, '2016-01-20', 'PC', 'Descarga', 99, 1, 1, 'Pilot', 58, 'Damien Lewis se vuelve a embarcar en un thriller. Pinta bien.'),
(2804, '2016-01-21', 'PC', 'Descarga', 38, 2, 10, 'Potential Energy', 42, ''),
(2805, '2016-01-22', 'PC', 'Descarga', 41, 4, 10, 'Blood Debts', 42, 'Felicity podría ser Oráculo aunque no creo porque se le ha visto al final y aparece Anarchy que ojalá sea un personaje recurrente.'),
(2806, '2016-01-23', 'PC', 'Descarga', 100, 1, 1, 'Pilot (1)', 44, ''),
(2807, '2016-01-23', 'TV', 'Netflix', 96, 1, 9, 'Lack of Humility', 64, 'Es increíble cómo de podrido está el sistema judicial americano. Me parece injusto que 12 ciudadanos tengan que elegir el destino del pobre hombre acusado y que aún así concluyan en que es culpable cuando todas las pruebas apuntan a que no lo es. ¿Es que nadie piensa en que alguien sacó parte de su muestra de sangre? ¿En que no tiene sentido que salga libre y que justo después vuelva a cometer un delito cuando su vida acaba de cambiar? Como la serie lo deje todo en suspense juro que mato a alguien. Ups, ahora puedo ser sospechoso.'),
(2808, '2016-01-23', 'TV', 'Netflix', 96, 1, 10, 'Fighting for Their Lives', 64, ''),
(2809, '2016-01-23', 'TV', 'Netflix', 97, 1, 2, 'The Descent Into Hell Is Easy', 40, ''),
(2810, '2016-01-23', 'TV', 'Netflix', 98, 1, 2, 'I am Also a We', 52, ''),
(2811, '2016-01-23', 'TV', 'Netflix', 98, 1, 3, 'Smart Money\'s on the Skinny Bitch', 46, ''),
(2812, '2016-01-23', 'TV', 'Netflix', 98, 1, 4, 'What\'s Going On?', 53, 'Genial capítulo. La serie mola mucho.'),
(2813, '2016-01-24', 'PC', 'Descarga', 51, 2, 1, 'The Lady in the Lake', 42, ''),
(2814, '2016-01-24', 'TV', 'Netflix', 98, 1, 5, 'Art Is Like Religion', 50, ''),
(2815, '2016-01-24', 'TV', 'Netflix', 98, 1, 6, 'Demons', 50, 'Tremenda la escena de la orgía.'),
(2816, '2016-01-24', 'TV', 'Netflix', 98, 1, 7, 'WWN Double D?', 50, ''),
(2817, '2016-01-24', 'TV', 'Netflix', 98, 1, 8, 'We Will All Be Judged By the Courage of Out Hearts', 48, 'Me da pena no haber empezado esta serie antes porque es de las mejores del año.'),
(2818, '2016-01-25', 'PC', 'Descarga', 51, 2, 2, 'A View in the Dark', 42, ''),
(2819, '2016-01-25', 'PC', 'Online', 95, 1, 3, 'Chase the Numbers', 22, ''),
(2820, '2016-01-26', 'PC', 'Descarga', 99, 1, 2, 'Naming Rights', 54, ''),
(2822, '2016-01-27', 'PC', 'Descarga', 101, 1, 1, 'Pilot', 44, 'Con un toque de humor y un acento británico, este carismático actor promete hacernos pasar buenos ratos. A ver cómo se desarrolla la serie.'),
(2823, '2016-01-27', 'PC', 'Descarga', 38, 2, 11, 'The Reverse-Flash Returns', 42, ''),
(2824, '2016-01-27', 'PC', 'Netflix', 98, 1, 9, 'Death Doesn\'t Let You Say Goodbye', 55, ''),
(2825, '2016-01-28', 'PC', 'Descarga', 29, 3, 12, '9 Days', 21, ''),
(2826, '2016-01-29', 'PC', 'Descarga', 51, 2, 3, 'Better Angels', 41, ''),
(2827, '2016-01-29', 'PC', 'Descarga', 41, 4, 11, 'A.W.O.L.', 42, 'Aburrido y soso y no sé porqué sigo viendo esta serie.'),
(2828, '2016-01-30', 'PC', 'Netflix', 98, 1, 10, 'What Is Human?', 54, 'Magistral dominio del videoclip por parte de los Wachowski.'),
(2829, '2016-01-30', 'PC', 'Descarga', 100, 1, 2, 'Pilot (2)', 41, ''),
(2830, '2016-01-30', 'PC', 'Netflix', 98, 1, 11, 'Just Turn the Wheel and the Future Changes', 42, 'Capheus demuestra que tiene un corazón valiente y puro. Es de los mejores personajes. Junto a Nomi.'),
(2831, '2016-01-31', 'PC', 'Descarga', 72, 2, 9, 'Chapter Thirty-One', 41, ''),
(2832, '2016-01-31', 'PC', 'Netflix', 98, 1, 12, 'I Can\'t Leave Her', 54, 'Voy a hacer este comentario con la canción de los créditos aún sonando. Aunque no tengo muchas palabras que decir. Tengo que agradecer a los hermanos Wachowski todo lo que me han hecho sentir con esta serie, con estos 8 personajes, porque han sido todos los sentimientos. La odié en su primer capítulo. La amé en todos sus demás. Amé los 8 personajes, porque desprenden carisma y valores, valores que los unen y los complementan para hacer uno solo. Uno invencible. Acabo uno de las mejores series del año, con uno de los mejores capítulos del año y deseo que salga ya la segunda temporada. Quiero celebrar el 8 de agosto como si fuera mi cumpleaños. Qué largo se me va a hacer este año.'),
(2833, '2016-02-01', 'PC', 'Descarga', 102, 1, 1, 'Fundraiser', 29, 'Bastante sosa y los chistes no hacen gracia. No sé si seguir viéndola.'),
(2834, '2016-02-01', 'PC', 'Descarga', 102, 1, 2, 'Frozen Yoghurt', 27, ''),
(2835, '2016-02-02', 'PC', 'Descarga', 99, 1, 3, 'Yuntime', 55, ''),
(2836, '2016-02-03', 'PC', 'Descarga', 102, 1, 3, 'Catherine', 27, 'Abandono esta mierda de serie.'),
(2837, '2016-02-03', 'PC', 'Descarga', 74, 2, 1, 'Ten Knots', 52, ''),
(2838, '2016-02-03', 'PC', 'Descarga', 74, 2, 2, 'You\'re No Rose', 54, ''),
(2839, '2016-02-04', 'PC', 'Descarga', 101, 1, 2, 'Lucifer, Stay. Good Devil.', 43, ''),
(2840, '2016-02-04', 'PC', 'Descarga', 103, 1, 1, 'From the Ashes of Tragedy', 57, 'Inevitable recordar Making a Murderer. Buen piloto, seguimos confiando en el equipo de AHS a pesar de la putada que nos hicieron con la quinta temporada.'),
(2841, '2016-02-04', 'PC', 'Descarga', 72, 2, 10, 'Chapter Thirty-Two', 41, ''),
(2842, '2016-02-05', 'PC', 'Descarga', 38, 2, 12, 'Fast Lane', 42, ''),
(2843, '2016-02-05', 'PC', 'Descarga', 41, 4, 12, 'Unchained', 42, 'Sólo falta por resucitar Moira o el padre de Arrow o el puto Ra+s al Ghul'),
(2844, '2016-02-05', 'PC', 'Descarga', 100, 1, 3, 'Blood Ties', 42, ''),
(2845, '2016-02-06', 'PC', 'Online', 95, 1, 4, 'The Mystery Hidden in Lake Yasogami', 20, ''),
(2846, '2016-02-07', 'PC', 'Descarga', 51, 2, 4, 'Smoke & Mirrors', 41, ''),
(2847, '2016-02-08', 'PC', 'Netflix', 94, 2, 1, 'Gone But Not Forgotten', 42, 'Cada vez se aleja más de algo relacionado con Psicosis, lo cual entiendo, es una serie y tienes que inventar rollos entre los personajes y eso, pero no sé, esta serie está bien para tenerla de fondo pero nada más. Y Vera Farmiga está buenísima.'),
(2848, '2016-02-08', 'PC', 'Descarga', 74, 2, 3, 'The Best with the Best to Get the Best', 55, ''),
(2849, '2016-02-08', 'PC', 'Descarga', 74, 2, 4, 'Wonderful Surprises', 53, ''),
(2850, '2016-02-08', 'PC', 'Descarga', 74, 2, 5, 'Whiplash', 57, ''),
(2851, '2016-02-08', 'PC', 'Netflix', 94, 2, 2, 'Shadow of a Doubt', 42, 'Capítulo soso, aunque la escena final parece que será el principio de esta temporada, a ver cómo se desarrolla.'),
(2852, '2016-02-09', 'PC', 'Descarga', 29, 3, 13, 'The Cruise', 21, ''),
(2853, '2016-02-09', 'PC', 'Descarga', 74, 2, 6, 'There Are Rules', 55, 'Me gusta cómo han evolucionado la moral de todos los personajes. Thack al principio era un racista, ahora su mejor médico es Algie. Tom era un matón sin sentimientos, ahora procura lo mejor para Harriet. Lucy era fría y recatada, ahora usa sus encantos para conseguir sus objetivos. En fin, una buenísima serie.'),
(2854, '2016-02-09', 'PC', 'Descarga', 74, 2, 7, 'Williams and Walker', 57, 'Se me olvidó decir en el comentario anterior que sólo hay un personaje que va a peor, Everett. Puto racista.'),
(2855, '2016-02-09', 'PC', 'Descarga', 83, 1, 13, 'Stop Me Before I Hug Again', 42, ''),
(2856, '2016-02-09', 'PC', 'Descarga', 74, 2, 8, 'Not Well At All', 50, 'Wow.'),
(2857, '2016-02-10', 'PC', 'Descarga', 74, 2, 9, 'Do You Remember Moon Flower?', 51, 'Steven Soderbergh demuestra ser de los mejores directores de televisión actualmente.'),
(2858, '2016-02-11', 'PC', 'Descarga', 99, 1, 4, 'Short Squeeze', 55, 'Sale el grupo entero de Metallica tocando una canción.'),
(2859, '2016-02-11', 'PC', 'Descarga', 74, 2, 10, 'This Is All We Are', 54, 'Tremendo. Gracias Soderbergh por traernos esta serie. No puedo esperar a ver la tercera.'),
(2860, '2016-02-12', 'PC', 'Descarga', 38, 2, 13, 'Welcome to Earth-2', 42, 'La nota está bastante hinchada en IMDB, pero ha sido un capitulazo, mola mucho ver a Killer Frost y a Deathstorm como son realmente.'),
(2861, '2016-02-12', 'PC', 'Descarga', 72, 2, 11, 'Chapter Thirty-Three', 42, 'Esta serie ha perdido toda la frescura y el ingenio que caracterizaban a la primera temporada.'),
(2862, '2016-02-12', 'PC', 'Descarga', 103, 1, 2, 'The Run of His Life', 40, ''),
(2863, '2016-02-13', 'PC', 'Descarga', 41, 4, 13, 'Sins of the Father', 42, 'Otra nota hinchada, aunque ha estado bien la pelea de Oliver vs. Malcolm.'),
(2864, '2016-02-13', 'PC', 'Descarga', 46, 2, 10, 'What Happened to You, Annalise?', 42, ''),
(2865, '2016-02-14', 'PC', 'Descarga', 100, 1, 4, 'White Knights', 42, ''),
(2866, '2016-02-15', 'PC', 'Descarga', 4, 6, 9, 'No Way Out', 42, ''),
(2867, '2016-02-16', 'PC', 'Netflix', 60, 1, 2, 'Part 2', 50, ''),
(2868, '2016-02-17', 'PC', 'Descarga', 56, 2, 1, 'Switch', 46, 'Flojo inicio de temporada para la que fue una de las mejores series del año pasado.'),
(2869, '2016-02-17', 'PC', 'Descarga', 104, 1, 1, 'Pilot', 110, 'Puro estilo Scorsese, música buena, drogas, fiestas, buen actor principal… Vinyl promete ser una de esas series que en los próximos años reinará en los Emmy, Golden Globes y cualquier premio que se tercie. Bravo, HBO.'),
(2870, '2016-02-18', 'PC', 'Descarga', 29, 3, 14, 'Karen Peralta', 21, 'Karen Peralta es Katey Sagal.'),
(2871, '2016-02-18', 'PC', 'Descarga', 38, 2, 14, 'Escape from Earth-2', 41, ''),
(2872, '2016-02-18', 'PC', 'Netflix', 60, 1, 3, 'Part 3', 57, ''),
(2873, '2016-02-19', 'PC', 'Descarga', 99, 1, 5, 'The Good Life', 58, ''),
(2874, '2016-02-19', 'PC', 'Netflix', 105, 1, 1, 'It Begins', 38, ''),
(2875, '2016-02-19', 'PC', 'Netflix', 105, 1, 2, 'One Long Day', 28, ''),
(2876, '2016-02-19', 'PC', 'Descarga', 49, 4, 1, 'A Good Treason', 45, ''),
(2877, '2016-02-20', 'PC', 'Online', 95, 1, 5, 'The Possibilities of the Dead', 22, ''),
(2878, '2016-02-21', 'TV', 'Descarga', 106, 1, 1, 'The Rabbit Hole', 79, ''),
(2879, '2016-02-21', 'PC', 'Descarga', 103, 1, 3, 'The Dream Team', 42, 'O.J. es culpable. Es el caso inverso de Making a Murderer, allí Steven tenía que probar su inocencia, dando por hecho que es culpable. Aquí se da por hecho que es inocente. Estados Unidos apesta.'),
(2880, '2016-02-22', 'PC', 'Descarga', 46, 2, 11, 'She Hates Us', 42, ''),
(2881, '2016-02-23', 'PC', 'Descarga', 41, 4, 14, 'Code of Silence', 42, ''),
(2882, '2016-02-23', 'PC', 'Netflix', 94, 2, 3, 'Caleb', 42, ''),
(2883, '2016-02-24', 'PC', 'Descarga', 104, 1, 2, 'Yesterday Once More', 56, 'Lou Reed, Andy Warhol, canciones de The Who, canciones de The Velvet Underground… Amo esta serie.'),
(2884, '2016-02-24', 'PC', 'Netflix', 105, 1, 3, 'Tested', 28, ''),
(2885, '2016-02-24', 'PC', 'Descarga', 56, 2, 2, 'Cobbler', 46, ''),
(2886, '2016-02-25', 'PC', 'Descarga', 4, 6, 10, 'The Next World', 42, ''),
(2887, '2016-02-26', 'PC', 'Descarga', 38, 2, 15, 'King Shark', 42, ''),
(2888, '2016-02-27', 'PC', 'Descarga', 100, 1, 5, 'Fail-Safe', 42, ''),
(2889, '2016-02-28', 'PC', 'Descarga', 41, 4, 15, 'Taken', 42, 'Por fin sirve de algo los 15 minutos que duraba la serie de Vixen.'),
(2890, '2016-02-28', 'PC', 'Descarga', 103, 1, 4, '100% Not Guilty', 53, ''),
(2891, '2016-03-01', 'PC', 'Descarga', 104, 1, 3, 'Whispered Secrets', 54, 'Alice Cooper y Status Quo.'),
(2892, '2016-03-02', 'PC', 'Descarga', 4, 6, 11, 'Knots Untie', 43, ''),
(2893, '2016-03-03', 'PC', 'Descarga', 47, 2, 12, 'Wrath of the Villains: Mr. Freeze', 43, 'Aparece Dr. Strange y como su título indica, Mr. Freeze.'),
(2894, '2016-03-04', 'PC', 'Netflix', 50, 4, 1, 'Chapter 40', 46, ''),
(2895, '2016-03-04', 'PC', 'Descarga', 56, 2, 3, 'Amarillo', 41, ''),
(2896, '2016-03-05', 'PC', 'Descarga', 72, 2, 12, 'Chapter Thirty-Four', 41, ''),
(2897, '2016-03-09', 'PC', 'Descarga', 50, 4, 2, 'Chapter 41', 39, ''),
(2898, '2016-03-10', 'PC', 'Descarga', 72, 2, 13, 'Chapter Thity-Five', 41, ''),
(2899, '2016-03-11', 'PC', 'Descarga', 50, 4, 3, 'Chapter 42', 52, ''),
(2900, '2016-03-12', 'TV', 'Descarga', 50, 4, 4, 'Chapter 43', 42, 'Frank Underwood sufre un intento de asesinato a manos del que fue uno de los pilares de la segunda temporada, Lucas Goodwin. Meechum es asesinado salvándole. Increíble.'),
(2901, '2016-03-12', 'TV', 'Descarga', 50, 4, 5, 'Chapter 44', 45, 'No estoy seguro si estoy viendo House of Cards of 2001.'),
(2902, '2016-03-12', 'TV', 'Descarga', 50, 4, 6, 'Chapter 45', 45, 'Habemus hígado.'),
(2903, '2016-03-12', 'TV', 'Descarga', 50, 4, 7, 'Chapter 46', 45, 'Aparece un nuevo rival político mucho más fuerte que Dunbar, retirada por lo de Lucas. Se trata de Conway.'),
(2904, '2016-03-12', 'TV', 'Descarga', 50, 4, 8, 'Chapter 47', 44, 'Se acerca el descubrimiento sobre la muerte de Zoe Barnes.'),
(2905, '2016-03-13', 'PC', 'Descarga', 50, 4, 9, 'Chapter 48', 43, 'Presidente y futuro presidente jugando al agar.io'),
(2906, '2016-03-13', 'PC', 'Descarga', 50, 4, 10, 'Chapter 49', 54, 'Claire & Frank Underwood 2016.'),
(2907, '2016-03-13', 'PC', 'Descarga', 50, 4, 11, 'Chapter 50', 51, ''),
(2908, '2016-03-13', 'PC', 'Descarga', 50, 4, 12, 'Chapter 51', 44, ''),
(2909, '2016-03-13', 'PC', 'Descarga', 50, 4, 13, 'Chapter 52', 53, 'Genial final de temporada que deja abiertos varios frentes.'),
(2910, '2016-03-13', 'TV', 'Descarga', 4, 6, 12, 'Not Tomorrow Yet', 42, ''),
(2911, '2016-03-13', 'PC', 'Descarga', 99, 1, 6, 'The Deal', 55, ''),
(2912, '2016-03-14', 'PC', 'Descarga', 106, 1, 2, 'The Kill Floor', 53, ''),
(2913, '2016-03-14', 'PC', 'Descarga', 104, 1, 4, 'The Racket', 53, 'Janis Joplin y Pink Foyd.'),
(2914, '2016-03-15', 'PC', 'Descarga', 56, 2, 4, 'Gloves Off', 42, 'Enorme Mike.'),
(2915, '2016-03-15', 'PC', 'Descarga', 72, 2, 14, 'Chapter Thirty-Six', 42, ''),
(2916, '2016-03-15', 'PC', 'Descarga', 46, 2, 12, 'It\'s a Trap', 42, ''),
(2917, '2016-03-16', 'PC', 'Descarga', 104, 1, 5, 'He in Racist Fire', 51, ''),
(2918, '2016-03-16', 'PC', 'Descarga', 46, 2, 13, 'Something Bad Happened', 42, ''),
(2919, '2016-03-16', 'PC', 'Descarga', 4, 6, 13, 'The Same Boat', 42, ''),
(2920, '2016-03-17', 'PC', 'Descarga', 47, 2, 13, 'Wrath of the Villains: A Dead Man Feels No Cold', 43, 'Mr. Freeze become Mr. Freeze.'),
(2921, '2016-03-17', 'PC', 'Descarga', 47, 2, 14, 'Wrath of the Villains: This Ball of Mud and Meanness', 44, ''),
(2922, '2016-03-18', 'PC', 'Netflix', 63, 2, 1, 'Bang', 48, 'Punisher, Punisher…'),
(2923, '2016-03-18', 'PC', 'Netflix', 63, 2, 2, 'Dogs to a Gunfight', 50, ''),
(2924, '2016-03-18', 'PC', 'Netflix', 63, 2, 3, 'New York\'s Finest', 48, 'Tremendo plano secuencia final al más puro estilo Oldboy. Genial, genial, genial, esta serie es exactamente como la primera temporada.'),
(2925, '2016-03-18', 'PC', 'Descarga', 46, 2, 14, 'There\'s My Baby', 42, ''),
(2926, '2016-03-19', 'PC', 'Descarga', 56, 2, 5, 'Rebecca', 45, 'Sosísimo y aburridísimo, más Mike por favor.'),
(2927, '2016-03-19', 'PC', 'Descarga', 46, 2, 15, 'Anna Mae', 42, 'Flojo final de temporada para la que fue una de las series revelación de la temporada pasada. Aunque sigue en esa línea de giros de guión imposibles, ya cansa. Y mucho.'),
(2928, '2016-03-19', 'TV', 'Netflix', 63, 2, 4, 'Penny and Dime', 60, 'Elektra. Se confirma que la moralidad de Punisher es tan válida como la de Daredevil y el genial equipo que harían.'),
(2929, '2016-03-19', 'TV', 'Netflix', 63, 2, 5, 'Kinbaku', 56, 'Daredevil & Elektra OTP.'),
(2930, '2016-03-20', 'TV', 'Netflix', 63, 2, 6, 'Regrets Only', 55, ''),
(2931, '2016-03-20', 'TV', 'Netflix', 63, 2, 7, 'Semper Fidelis', 55, ''),
(2932, '2016-03-20', 'TV', 'Netflix', 63, 2, 8, 'Guilty As Sin', 55, 'Special  guest star: Wilson Fisk'),
(2933, '2016-03-20', 'TV', 'Netflix', 63, 2, 9, 'Seven Minutes in Heaven', 57, ''),
(2934, '2016-03-20', 'TV', 'Netflix', 63, 2, 10, 'The Man in the Box', 57, 'Se está desmadrando esto hasta tal punto que parece The Strain.'),
(2935, '2016-03-20', 'PC', 'Netflix', 63, 2, 11, '.360', 57, ''),
(2936, '2016-03-21', 'TV', 'Netflix', 63, 2, 12, 'The Dark at the End of the Tunnel', 55, ''),
(2937, '2016-03-21', 'TV', 'Netflix', 63, 2, 13, 'A Cold Day in Hell\'s Kitchen', 57, 'No nos vamos a engañar, la primera temporada estaba mejor. ¿Decir eso significa que esta temporada no sea notable? En absoluto. Pero la primera era una obra maestra. Puede que sea la marcha de DeKnight , o que gran parte del encanto de la primera residía en esperar el traje y aquí lo dan hecho. The Punisher tiene una atracción increíble, la misma que Elektra y Stick (que ya vimos en la primera), pero no sé muy bien qué falla. Quizás las idas y venidas de The Punisher, que tan pronto dice que no volverá a matar como vuelve a hacerlo. Y esa doble moral de Matt, como si de la teoría de Platón se tratara, Elektra es su parte irascible, y se siente tentado y atraído por ella. Mientras que Elektra se ha mantenido así siempre, salvo al final. Seguramente no esté muerta. En un año lo sabremos. Ah, ni que decir tiene que tanto estas 2 temporadas como, en menor medida, la primera de Jessica Jones son infinitamente supreriores que cualquier producto marvelita hasta la fecha.'),
(2938, '2016-03-21', 'PC', 'Descarga', 48, 4, 1, 'Glanders', 48, ''),
(2939, '2016-03-22', 'PC', 'Descarga', 4, 6, 14, 'Twice as Far', 42, ''),
(2940, '2016-03-28', 'PC', 'Descarga', 38, 2, 16, 'Trajectory', 42, ''),
(2941, '2016-03-29', 'PC', 'Descarga', 4, 6, 15, 'East', 42, 'El último segundo ha pasado tan rápido que no ha dado tiempo a reaccionar y no sé qué ha pasado.'),
(2942, '2016-03-30', 'PC', 'Descarga', 41, 4, 16, 'Broken Hearts', 42, ''),
(2943, '2016-03-30', 'PC', 'Ororo', 66, 2, 5, 'Mee-Maw', 27, 'Como que tiene más gracia vista así.'),
(2944, '2016-03-31', 'PC', 'Descarga', 104, 1, 6, 'Cyclone', 55, 'David Bowie. Me he enamorado oficialmente de esta serie. También sale Sufragette City y Life on Mars? Y una canción de Van Morrison.'),
(2945, '2016-04-02', 'PC', 'Descarga', 72, 2, 15, 'Chapter Thirty-Seven', 41, ''),
(2946, '2016-04-03', 'PC', 'Descarga', 103, 1, 5, 'The Race Card', 51, ''),
(2947, '2016-04-03', 'PC', 'Descarga', 103, 1, 6, 'Marcia, Marcia, Marcia', 49, ''),
(2948, '2016-04-03', 'PC', 'Descarga', 103, 1, 7, 'Conspiracy Theories', 42, 'Me gustaría pero me es imposible creer que O.J. es inocente.'),
(2949, '2016-04-04', 'PC', 'Descarga', 103, 1, 8, 'A Jury in Jail', 41, ''),
(2950, '2016-04-04', 'PC', 'Descarga', 103, 1, 9, 'Manna from Heaven', 48, ''),
(2951, '2016-04-04', 'PC', 'Descarga', 4, 6, 16, 'Last Day on Earth', 64, 'Vaya presencia tiene Negan. Y ahora a estar un año esperando para ver a quién se ha cargado yo es que me cago en todo.'),
(2952, '2016-04-07', 'PC', 'Descarga', 103, 1, 10, 'The Verdict', 64, 'Increíble pero cierto. OJ salió libre. En cierto modo, en 2007 se hizo justicia y pasará 9 años en la cárcel.'),
(2953, '2016-04-07', 'PC', 'Descarga', 38, 2, 17, 'Flash Back', 42, ''),
(2954, '2016-04-08', 'PC', 'Descarga', 41, 4, 17, 'Beacon of Hope', 42, ''),
(2955, '2016-04-09', 'PC', 'Descarga', 41, 4, 18, 'Eleven-Fifty-Nine', 42, 'Muere Laurel Lance. A ver cuándo revive. O no.'),
(2956, '2016-04-09', 'PC', 'Descarga', 47, 2, 15, 'Wrath of the Villains: Mad Grey Dawn', 44, ''),
(2957, '2016-04-10', 'PC', 'Descarga', 48, 4, 2, 'Pastor Tim', 45, ''),
(2958, '2016-04-11', 'PC', 'Descarga', 104, 1, 7, 'The King and I', 59, 'Se ve quien mandaba realmente en la carrera de Elvis Presley. 18.'),
(2959, '2016-04-12', 'PC', 'Descarga', 77, 2, 1, 'Monster', 42, 'Flojo inicio. Esta temporada huele a tomadura de pelo. Y muy fuerte.'),
(2960, '2016-04-12', 'PC', 'Descarga', 47, 2, 16, 'Wrath of the Villains: Prisoners', 44, ''),
(2961, '2016-04-13', 'PC', 'Descarga', 104, 1, 8, 'E.A.B.', 55, 'Salen Bob Marley y John Lennon.'),
(2962, '2016-04-13', 'PC', 'Descarga', 104, 1, 9, 'Rock and Roll Queen', 54, 'Creo que los Nasty Bits pueden ser los futuros Rolling Stones.'),
(2963, '2016-04-14', 'PC', 'Descarga', 47, 2, 17, 'Into the Woods', 44, ''),
(2964, '2016-04-14', 'PC', 'Descarga', 56, 2, 6, 'Bali Ha\'i', 45, 'Vaya tostón de temporada. Sólo se salva Mike.'),
(2965, '2016-04-14', 'PC', 'Descarga', 48, 4, 3, 'Experimental Prototype City of Tomorrow', 42, ''),
(2966, '2016-04-15', 'PC', 'Descarga', 48, 4, 4, 'Chloramphenicol', 44, 'Muere Nina Sergevna.'),
(2967, '2016-04-15', 'PC', 'Descarga', 72, 2, 16, 'Chapter Thirty-Eight', 42, ''),
(2968, '2016-04-16', 'PC', 'Descarga', 48, 4, 5, 'Clark\'s Place', 47, 'Suena Under Pressure al final.'),
(2969, '2016-04-18', 'PC', 'Descarga', 56, 2, 7, 'Inflatable', 41, ''),
(2970, '2016-04-18', 'PC', 'Descarga', 77, 2, 2, 'We All Fall Down', 43, ''),
(2971, '2016-04-19', 'PC', 'Descarga', 100, 1, 6, 'Star City 2046', 42, 'Sale un Oliver Queen muy mayor y sin brazo, el hijo de Deathstroke, y el hijo de John Diggle, el cual ha muerto. Felicity escapó y no sé cuántas historias más que nunca se llevarán acabo porque es un futuro potencial.'),
(2972, '2016-04-19', 'PC', 'Descarga', 106, 1, 3, 'Other Voices, Other Rooms', 47, ''),
(2973, '2016-04-20', 'PC', 'Descarga', 104, 1, 10, 'Alibi', 51, 'Tensión creciente entre entre Richie y Zak, seguramente se vaya de la compañía. Mientras tanto, los Nasty Bits van creciendo en popularidad, al igual que en carisma su líder Kip. Todo esto lo veremos el año que viene de lo que ya es una de las mejores series del momento.'),
(2974, '2016-04-21', 'PC', 'Descarga', 38, 2, 18, 'Versus Zoom', 42, ''),
(2975, '2016-04-21', 'PC', 'Descarga', 47, 2, 18, 'Wrath of the Villains: Pinewood', 42, ''),
(2976, '2016-04-23', 'PC', 'Descarga', 56, 2, 8, 'Fifi', 47, ''),
(2977, '2016-04-23', 'PC', 'Descarga', 72, 2, 17, 'Chapter Thirty-Nine', 42, ''),
(2978, '2016-04-25', 'PC', 'Descarga', 48, 4, 6, 'The Rat', 44, ''),
(2979, '2016-04-25', 'PC', 'Descarga', 24, 6, 1, 'The Red Woman', 49, 'Esperemos que esta temporada no sea tan bochornosa como lo fue la última. Por el momento, ha tenido un buen inicio de temporada, ojalá no desvaríe.'),
(2980, '2016-04-26', 'PC', 'Descarga', 59, 3, 1, 'Founder Friendly', 29, ''),
(2981, '2016-04-26', 'PC', 'Descarga', 72, 2, 18, 'Chapter Forty', 42, ''),
(2982, '2016-04-26', 'PC', 'Descarga', 61, 3, 1, 'The Day Tennyson Died', 59, 'Genial arranque de temporada, con nuevos personajes que prometen hacer delicias: Dr. Jekyll, Renfield y… Drácula…'),
(2983, '2016-04-28', 'PC', 'Descarga', 38, 2, 19, 'Back to Normal', 42, ''),
(2984, '2016-04-28', 'PC', 'Descarga', 77, 2, 3, 'Ouroboros', 42, ''),
(2985, '2016-04-28', 'PC', 'Descarga', 56, 2, 9, 'Nailed', 49, 'Por fin un capítulo bueno en la temporada, aunque ya no solucione lo que ha hecho anteriormente.'),
(2986, '2016-04-29', 'PC', 'Descarga', 56, 2, 10, 'Klik', 48, 'Sublime final de temporada en el que se demuestran las dotes en la dirección de Vince Gilligan. La temporada pasada, sólo necesitaban 2-3 capítulos para enganchar, en esta han necesitado 9, pero fe ciega en que va a ser tan buena o más como su predecesora.'),
(2987, '2016-05-02', 'TV', 'Descarga', 24, 6, 2, 'Home', 55, 'Jon Snow siiuuuuuuuuuuu. Ramsay ha asesinado a media familia Bolton y el rey Greyjoy ha muerto.'),
(2988, '2016-05-02', 'PC', 'Descarga', 72, 2, 19, 'Chapter Forty-One', 42, ''),
(2989, '2016-05-04', 'PC', 'Netflix', 105, 1, 4, 'Party in the Hills', 31, ''),
(2990, '2016-05-07', 'PC', 'Descarga', 47, 2, 19, 'Wrath of the Villains: Azrael', 44, ''),
(2991, '2016-05-08', 'PC', 'Descarga', 59, 3, 2, 'Two in the Box', 28, '');
INSERT INTO `capitulo` (`id_capitulo`, `fecha`, `medio`, `formato`, `serie`, `s`, `e`, `Titulo`, `Duracion`, `Comentario`) VALUES
(2992, '2016-05-08', 'PC', 'Netflix', 105, 1, 5, 'The Date', 35, 'Algo aburrido.'),
(2993, '2016-05-09', 'PC', 'Online', 77, 2, 4, 'Blood in the Streets', 44, ''),
(2994, '2016-05-09', 'PC', 'Descarga', 24, 6, 3, 'Oathbreaker', 54, ''),
(2995, '2016-05-10', 'PC', 'Descarga', 61, 3, 2, 'Predators Far and Near', 53, ''),
(2996, '2016-05-11', 'PC', 'Descarga', 72, 2, 20, 'Chapter Forty-Two', 42, ''),
(2997, '2016-05-12', 'PC', 'Descarga', 47, 2, 20, 'Wrath of the Villains: Unleashed', 44, ''),
(2998, '2016-05-12', 'PC', 'Descarga', 59, 3, 3, 'Meinertzhagen\'s Haversack', 29, ''),
(2999, '2016-05-13', 'PC', 'Descarga', 72, 2, 21, 'Chapter Forty-Three', 42, ''),
(3000, '2016-05-16', 'PC', 'Descarga', 24, 6, 4, 'Book of the Stranger', 58, 'Khalessi lo ha vuelto a hacer.'),
(3001, '2016-05-17', 'PC', 'Netflix', 105, 1, 6, 'Andy', 35, ''),
(3002, '2016-05-17', 'PC', 'Netflix', 105, 1, 7, 'Magic', 28, ''),
(3003, '2016-05-20', 'PC', 'Descarga', 61, 3, 3, 'Good and Evil Braided Be', 51, 'Genial como siempre.'),
(3004, '2016-05-20', 'PC', 'Descarga', 47, 2, 21, 'A Legion of Horribles', 42, ''),
(3005, '2016-05-20', 'PC', 'Descarga', 72, 2, 22, 'Chapter Forty-Four', 42, 'Aparece Bruno Mars y dejan un final ahí abierto to+ guay pero qué mierda.'),
(3006, '2016-05-20', 'PC', 'Descarga', 59, 3, 4, 'Maleant Data Systems Solutions', 30, ''),
(3007, '2016-05-21', 'TV', 'YOMVI', 77, 2, 5, 'Captive', 41, ''),
(3008, '2016-05-23', 'TV', 'Descarga', 24, 6, 5, 'The Door', 56, 'Ho(ld the )door.'),
(3009, '2016-05-24', 'PC', 'Netflix', 105, 1, 8, 'Closing Title Song', 27, ''),
(3010, '2016-05-24', 'PC', 'Netflix', 105, 1, 9, 'The Table Read', 26, ''),
(3011, '2016-05-24', 'PC', 'Netflix', 105, 1, 10, 'The End of the Beginning', 31, ''),
(3012, '2016-05-25', 'PC', 'Netflix', 93, 2, 1, 'Kimmy Goes Roller Skating!', 27, ''),
(3013, '2016-05-26', 'PC', 'Descarga', 47, 2, 22, 'Wrath of the Villains: Transference', 43, ''),
(3014, '2016-05-26', 'PC', 'Netflix', 93, 2, 2, 'Kimmy Goes on a Playdate!', 30, ''),
(3015, '2016-05-26', 'PC', 'Descarga', 107, 1, 1, 'Pilot', 65, 'Esta serie promete mucho.'),
(3016, '2016-05-26', 'PC', 'Descarga', 61, 3, 4, 'A Blade of Grass', 56, 'Típico capítulo en solitario para Ives, pues se sale John Clare.'),
(3017, '2016-05-27', 'PC', 'Descarga', 64, 2, 1, 'Enemy Lines', 42, 'Lo han salvado como han podido, no se podía hacer gran cosa.'),
(3018, '2016-05-27', 'PC', 'Descarga', 59, 3, 5, 'The Empty Chair', 27, ''),
(3019, '2016-05-27', 'PC', 'YOMVI', 77, 2, 6, 'Sicut Cervus', 42, ''),
(3020, '2016-05-30', 'PC', 'Descarga', 24, 6, 6, 'Blood of My Blood', 50, ''),
(3021, '2016-05-30', 'PC', 'YOMVI', 77, 2, 7, 'Shiva', 41, 'Correcto mid-season finale. Muchos frentes abiertos.'),
(3022, '2016-05-30', 'PC', 'Descarga', 61, 3, 5, 'This World Is Our Hell', 53, 'Aburrido, se nota la ausencia de Eva Green.'),
(3023, '2016-05-30', 'PC', 'Descarga', 59, 3, 6, 'Bachmanity Insanity', 28, 'Tabulación > espacio.'),
(3024, '2016-05-31', 'PC', 'Netflix', 93, 2, 3, 'Kimmy Goes to a Play!', 28, ''),
(3025, '2016-06-01', 'PC', 'Netflix', 71, 2, 1, 'I Know What You Did Last Summer', 42, ''),
(3026, '2016-06-06', 'PC', 'Descarga', 24, 6, 7, 'The Broken Man', 50, ''),
(3027, '2016-06-07', 'PC', 'Descarga', 93, 2, 4, 'Kimmy Kidnaps Gretchen!', 28, ''),
(3028, '2016-06-09', 'PC', 'Descarga', 61, 3, 6, 'No Beast So Fierce', 49, ''),
(3029, '2016-06-10', 'PC', 'Descarga', 107, 1, 2, 'See', 49, ''),
(3030, '2016-06-12', 'PC', 'Descarga', 59, 3, 7, 'To Build a Better Beta', 28, 'Sale la beta de Pied Piper. Dinesh y Gilfoyle a lo suyo como siempre. Fucking love this show.'),
(3031, '2016-06-14', 'PC', 'Descarga', 61, 3, 7, 'Ebb Tide', 50, ''),
(3032, '2016-06-14', 'PC', 'Descarga', 24, 6, 8, 'No One', 57, 'Team Arya de por vida.'),
(3033, '2016-06-15', 'PC', 'Descarga', 107, 1, 3, 'The Possibilities', 41, ''),
(3034, '2016-06-16', 'PC', 'Descarga', 59, 3, 8, 'Bachman\'s Earning\'s Over-Ride', 28, 'He acabado los exámenes.'),
(3035, '2016-06-17', 'PC', 'Descarga', 108, 1, 1, 'A Darkness Surrounds Him', 54, 'Paso de tragarme otro The Strain.'),
(3036, '2016-06-17', 'PC', 'Netflix', 71, 2, 2, 'Psycho', 40, ''),
(3037, '2016-06-17', 'PC', 'Netflix', 71, 2, 3, 'Vacancy', 40, ''),
(3038, '2016-06-18', 'PC', 'Descarga', 65, 4, 1, 'Work That Body for Me', 53, 'Genial y divertido inicio de temporada. Ya que va a acompañar mis recuerdos de este verano, vamos a disfrutarla hasta el último momento.'),
(3039, '2016-06-18', 'TV', 'Netflix', 109, 1, 1, 'The Wayfarer', 51, ''),
(3040, '2016-06-18', 'PC', 'Descarga', 65, 4, 2, 'Power Suit', 58, ''),
(3041, '2016-06-19', 'PC', 'Descarga', 65, 4, 3, '(Don\'t) Say Anything', 56, ''),
(3042, '2016-06-19', 'PC', 'Descarga', 65, 4, 4, 'Doctor Psycho', 59, ''),
(3043, '2016-06-19', 'TV', 'Descarga', 65, 4, 5, 'We\'ll Always Have Baltimore', 57, ''),
(3044, '2016-06-19', 'TV', 'Descarga', 65, 4, 6, 'Piece of Shit', 58, 'Empieza la temporada.'),
(3045, '2016-06-19', 'TV', 'Descarga', 65, 4, 7, 'It Sounded Nicer in My Head', 57, ''),
(3046, '2016-06-20', 'TV', 'Netflix', 109, 1, 2, 'The Wolf and the Deer', 59, ''),
(3047, '2016-06-20', 'PC', 'Descarga', 24, 6, 9, 'Battle of the Bastards', 59, 'Fin de los Bolton. Team Jon Snow de por vida, digno heredero de la casa Stark.'),
(3048, '2016-06-21', 'PC', 'Descarga', 61, 3, 8, 'Perpetual Night', 43, 'Se confirma la cancelación de la serie, por lo que este es su penúltimo capítulo. No quiero terminarla.'),
(3049, '2016-06-21', 'PC', 'Descarga', 61, 3, 9, 'The Blessed Dark', 55, 'Y veo morir a otra de mis series favoritas. Me huele más a finalización que a cancelación, como debería haber hecho Homeland cuando murió uno de los protagonistas. En este caso toca decir adiós a Miss Ives, la cual no pudo vencer a Drácula. No ha sido el mejor de los capítulos pero sí una digna despedida. Hasta siempre Penny Dreadful.'),
(3050, '2016-06-22', 'PC', 'Descarga', 59, 3, 9, 'Daily Active Users', 29, 'He aprobado todas y me pregunto si podría trabajar en Pied Piper.'),
(3051, '2016-06-23', 'PC', 'Descarga', 65, 4, 8, 'Friends in Low Places', 58, 'Cuando Dios te da una esvástica, abre una ventana. Y entonces recuerdas que Dios no existe.'),
(3052, '2016-06-25', 'PC', 'Descarga', 65, 4, 9, 'Turn Table Turn', 55, ''),
(3053, '2016-06-25', 'PC', 'Descarga', 65, 4, 10, 'Bunny, Skull, Bunny, Skull', 58, ''),
(3054, '2016-06-26', 'PC', 'Descarga', 65, 4, 11, 'People Persons', 59, 'Estos capítulos finales son pura crema.'),
(3055, '2016-06-27', 'PC', 'Descarga', 65, 4, 12, 'The Animals', 59, 'Muy emotiva la escena rollo El club de los poetas muertos, tristísimo final. Genial capítulo.'),
(3056, '2016-06-27', 'PC', 'Descarga', 65, 4, 13, 'Toast Can\'t Never Be Bread Again', 76, 'Increíble el final y la temporada en general. Cuando OITNB se pone seria, sabe hacer las cosas muy bien. No sé cómo aguantaré este año. Hasta siempre Poussey.'),
(3057, '2016-06-27', 'PC', 'Descarga', 24, 6, 10, 'The Winds of Winter', 67, 'A ver, si no me falla la memoria, han muerto Tommen, Marjorie, Walder Frey, el gorrión supremo, el hermano de Marjorie, todos los gorriones y el viejo baboso de la barba. Y todo eso en un capítulo. Jon se proclama Rey en el norte y Cersei reina del trono de hierro, mientras que Daenerys tiene una flota espectacular con 3 dragones que a saber qué puede salir de ahí. Lo veremos dentro de un año.'),
(3058, '2016-06-27', 'PC', 'Descarga', 107, 1, 4, 'Monster Swamp', 42, ''),
(3059, '2016-06-28', 'PC', 'Descarga', 59, 3, 10, 'The Uptick', 29, 'Discreto final sin ningún cliffhanger a la vista. Pied Piper se convierte en una empresa de video-chat y abandona la compresión. Veremos qué tal les va el año que viene (o no).'),
(3061, '2016-06-29', 'PC', 'Netflix', 71, 2, 4, 'Happy Birthday to Me', 40, 'Primer capítulo introducido en la base de datos desde la aplicación web'),
(3062, '2016-06-30', 'TV', 'Descarga', 107, 1, 5, 'South Will Rise Again', 42, ''),
(3063, '2016-07-01', 'PC', 'Netflix', 71, 2, 5, 'Dawn of the Dead', 40, ''),
(3064, '2016-07-01', 'PC', 'Netflix', 110, 1, 1, 'To You, in 2000 Years: The Fall of Shiganshina, Part 1', 24, ''),
(3065, '2016-07-01', 'TV', 'Netflix', 110, 1, 2, 'That Day: The Fall of Shiganshina, Part 2', 24, ''),
(3066, '2016-07-01', 'TV', 'Netflix', 110, 1, 3, 'A Dim Light Amid Despair: Humanity\'s Comeback, Part 1', 24, ''),
(3067, '2016-07-02', 'PC', 'Netflix', 110, 1, 4, 'The Night of the Closing Ceremony: Humanity\'s Comeback, Part 2', 24, ''),
(3068, '2016-07-02', 'PC', 'Netflix', 110, 1, 5, 'First Battle: The Struggle for Trost, Part 1', 24, 'No puede ser. Eren ha muerto'),
(3069, '2016-07-02', 'PC', 'Netflix', 110, 1, 6, 'The World the Girl Saw: The Struggle for Trost, Part 2', 24, ''),
(3070, '2016-07-02', 'PC', 'Netflix', 110, 1, 7, 'Small Blade: The Struggle for Trost, Part 3', 24, 'Hay titanes matando a otros titanes'),
(3071, '2016-07-02', 'TV', 'Netflix', 110, 1, 8, 'I Can Hear His Heartbeat: The Struggle for Trost, Part 4', 24, 'Eren vive la lucha sigue'),
(3072, '2016-07-02', 'TV', 'Netflix', 110, 1, 9, 'Whereabouts of His Left Arm: The Struggle for Trost, Part 5', 24, 'La humanidad intentando matar a su mejor recurso, balla'),
(3073, '2016-07-02', 'PC', 'Netflix', 110, 1, 10, 'Response: The Struggle for Trost, Part 6', 24, ''),
(3074, '2016-07-02', 'PC', 'Netflix', 110, 1, 11, 'Idol: The Struggle for Trost, Part 7', 24, ''),
(3075, '2016-07-02', 'PC', 'Netflix', 110, 1, 12, 'Wound: The Struggle fomr Trost, Part 8', 24, ''),
(3076, '2016-07-02', 'PC', 'Netflix', 110, 1, 13, 'Primal Desire: The Struggle for Trost, Part 9', 24, ''),
(3077, '2016-07-02', 'TV', 'Netflix', 110, 1, 14, 'Can\'t Look into His Eyes Yet: Eve of the Counterattack, Part 1', 24, ''),
(3078, '2016-07-02', 'TV', 'Netflix', 110, 1, 15, 'Special Operations Squad: Eve of the Counterattack, Part 2', 24, ''),
(3079, '2016-07-03', 'TV', 'Netflix', 110, 1, 16, 'What Needs to be Done Now: Eve of the Counterattack, Part 3', 24, ''),
(3080, '2016-07-03', 'TV', 'Netflix', 110, 1, 17, 'Female Tita: The 57th Exterior Scouting Mission, Part 1', 24, ''),
(3081, '2016-07-03', 'TV', 'Netflix', 110, 1, 18, 'Forest of Giant Trees: The 57th Exterior Scouting Mission, Part 2', 24, ''),
(3082, '2016-07-03', 'TV', 'Netflix', 110, 1, 19, 'Bite: The 57th Exterior Scouting Mission, Part 3', 24, 'Impresionante serie'),
(3083, '2016-07-03', 'TV', 'Netflix', 110, 1, 20, 'Erwin Smith: The 57th Exterior Scouting Mission, Part 4', 24, 'Se descubre que hay un traidor'),
(3084, '2016-07-03', 'TV', 'Netflix', 110, 1, 21, 'Crushing Blow: The 57th Exterior Scouting Mission, Part 5', 24, 'Eren ha muerto. Otra vez'),
(3085, '2016-07-03', 'TV', 'Netflix', 110, 1, 22, 'The Defeated: The 57th Exterior Scouting Mission, Part 6', 24, 'El pueblo no tiene consideración por los fallecidos y consideran al ejército unos fracasados'),
(3086, '2016-07-03', 'TV', 'Netflix', 110, 1, 23, 'Smile: Assault on Stohess, Part 1', 24, 'Annie es el traidor, en un imprevisto y cuando estaba inmovilizada, ha logrado hacerse sangre y se ha transformado en titán. Amando esta serie'),
(3087, '2016-07-03', 'TV', 'Netflix', 110, 1, 24, 'Mercy: Assault on Stohess, Part 2', 24, ''),
(3088, '2016-07-03', 'TV', 'Netflix', 110, 1, 25, 'Wall: Assault on Stohess, Part 3', 24, 'No he comentado mucho esta serie porque cada capítulo me dejaba con ganas de más. No está a la altura de Death Note, puesto que muchas partes del guión son previsibles y convenientemente puestas ahí para que todo encaje. Es la única pega que puedo poner a esta genial serie que por supuesto, he disfrutado muchísimo'),
(3089, '2016-07-04', 'PC', 'Netflix', 111, 1, 1, 'Episode 1', 55, 'Esta serie puede dar mucho de sí, pero este piloto es soso y confuso'),
(3090, '2016-07-05', 'PC', 'Netflix', 111, 1, 2, 'Episode 2', 57, ''),
(3091, '2016-07-05', 'PC', 'Online', 110, 2, 0, 'Ilse\'s Journal', 23, 'Primer OVA'),
(3092, '2016-07-05', 'PC', 'Online', 110, 2, 0, 'The Sudden Visitor', 24, 'Segundo OVA'),
(3093, '2016-07-05', 'PC', 'Online', 110, 2, 0, 'Distress', 24, 'Tercer OVA'),
(3094, '2016-07-05', 'PC', 'Netflix', 111, 1, 3, 'Episode 3', 57, ''),
(3095, '2016-07-06', 'PC', 'Descarga', 107, 1, 6, 'Sundowner', 41, ''),
(3096, '2016-07-06', 'PC', 'Ororo', 66, 2, 6, 'Bulnerable', 28, ''),
(3097, '2016-07-07', 'PC', 'Netflix', 111, 1, 4, 'Episode 4', 57, ''),
(3098, '2016-07-07', 'PC', 'Netflix', 111, 1, 5, 'Episode 5', 52, 'Ahora sí'),
(3099, '2016-07-07', 'PC', 'Netflix', 111, 1, 6, 'Episode 6', 58, ''),
(3100, '2016-07-08', 'PC', 'Netflix', 111, 2, 1, 'Episode 1', 57, ''),
(3101, '2016-07-09', 'PC', 'Netflix', 111, 2, 2, 'Episode 2', 57, 'Aparece Tom Hardy'),
(3102, '2016-07-10', 'PC', 'Netflix', 111, 2, 3, 'Episode 3', 58, ''),
(3103, '2016-07-10', 'PC', 'Netflix', 111, 2, 4, 'Episode 4', 57, ''),
(3104, '2016-07-10', 'PC', 'Netflix', 111, 2, 5, 'Episode 5', 57, ''),
(3105, '2016-07-10', 'PC', 'Netflix', 111, 2, 6, 'Episode 6', 57, 'Esto señores es cómo terminar una temporada haciendo una obra maestra de episodio, con tensión de principio a fin. Y con música de Arctic Monkeys, así sí'),
(3106, '2016-07-11', 'PC', 'Netflix', 112, 1, 1, 'Pilot', 22, 'Parece bestialmente divertida'),
(3107, '2016-07-12', 'PC', 'Netflix', 112, 1, 2, 'Lawnmower Dog', 22, 'Genial'),
(3108, '2016-07-12', 'PC', 'Netflix', 112, 1, 3, 'Anatomy Park', 22, ''),
(3109, '2016-07-12', 'PC', 'Netflix', 112, 1, 4, 'M. Night Shaym-Aliens!', 22, ''),
(3110, '2016-07-12', 'PC', 'Netflix', 112, 1, 5, 'Meeseeks and Destroy', 22, ''),
(3111, '2016-07-12', 'PC', 'Netflix', 112, 1, 6, 'Rick Potion #9', 22, ''),
(3112, '2016-07-12', 'PC', 'Netflix', 112, 1, 7, 'Raising Gazorpazorp', 22, ''),
(3113, '2016-07-12', 'PC', 'Netflix', 112, 1, 8, 'Rixty Minutes', 22, ''),
(3114, '2016-07-12', 'PC', 'Netflix', 112, 1, 9, 'Something Ricked This Way Comes', 22, ''),
(3115, '2016-07-12', 'PC', 'Netflix', 112, 1, 10, 'Close Rick-counters of the Rick Kind', 22, 'Fantás rick o'),
(3116, '2016-07-12', 'PC', 'Netflix', 112, 1, 11, 'Ricksy Business', 22, 'Creo que es la primera vez que me termino una temporada de una serie en menos de 24 horas. Ha estado genial.'),
(3117, '2016-07-12', 'PC', 'Descarga', 107, 1, 7, 'He Gone', 43, ''),
(3118, '2016-07-13', 'PC', 'StreamCloud', 112, 2, 1, 'A Rickle in Time', 22, 'Ha habido como 32 versiones de Rick and Morty a la vez y declaro esta serie como la mejor de todos los tiempos.');

-- --------------------------------------------------------

--
-- Estructura de tabla para la tabla `capitulosdirectores`
--

CREATE TABLE `capitulosdirectores` (
  `id_capitulo` int(11) NOT NULL,
  `id_director` int(11) NOT NULL
) ENGINE=InnoDB DEFAULT CHARSET=utf8;

--
-- Volcado de datos para la tabla `capitulosdirectores`
--

INSERT INTO `capitulosdirectores` (`id_capitulo`, `id_director`) VALUES
(2756, 106),
(2757, 107),
(2758, 106),
(2759, 108),
(2760, 109),
(2761, 110),
(2762, 111),
(2763, 112),
(2764, 113),
(2765, 114),
(2766, 114),
(2767, 115),
(2768, 116),
(2769, 117),
(2770, 117),
(2771, 116),
(2772, 118),
(2773, 119),
(2774, 120),
(2775, 120),
(2776, 121),
(2777, 122),
(2778, 123),
(2779, 124),
(2780, 125),
(2781, 120),
(2782, 126),
(2783, 127),
(2784, 128),
(2785, 129),
(2786, 120),
(2787, 120),
(2788, 140),
(2788, 141),
(2789, 129),
(2790, 140),
(2790, 141),
(2791, 129),
(2792, 140),
(2792, 141),
(2793, 140),
(2793, 141),
(2794, 138),
(2795, 139),
(2796, 140),
(2796, 141),
(2797, 140),
(2797, 141),
(2798, 140),
(2798, 141),
(2799, 127),
(2800, 140),
(2800, 141),
(2801, 142),
(2802, 144),
(2802, 145),
(2803, 149),
(2804, 150),
(2805, 151),
(2806, 153),
(2807, 140),
(2807, 141),
(2808, 140),
(2808, 141),
(2809, 154),
(2810, 144),
(2810, 145),
(2811, 144),
(2811, 145),
(2812, 155),
(2813, 156),
(2814, 157),
(2815, 144),
(2815, 145),
(2816, 157),
(2817, 158),
(2818, 156),
(2819, 127),
(2820, 149),
(2822, 160),
(2823, 161),
(2824, 144),
(2824, 145),
(2825, 162),
(2826, 163),
(2827, 164),
(2828, 144),
(2828, 145),
(2829, 153),
(2830, 155),
(2831, 165),
(2832, 144),
(2832, 145),
(2833, 166),
(2834, 166),
(2835, 167),
(2836, 113),
(2837, 129),
(2838, 129),
(2839, 168),
(2840, 11),
(2841, 171),
(2842, 172),
(2843, 173),
(2844, 174),
(2845, 127),
(2846, 163),
(2847, 120),
(2848, 129),
(2849, 129),
(2850, 129),
(2851, 120),
(2852, 175),
(2853, 129),
(2854, 129),
(2855, 176),
(2856, 129),
(2857, 129),
(2858, 118),
(2859, 129),
(2860, 177),
(2861, 178),
(2862, 11),
(2863, 179),
(2864, 180),
(2865, 181),
(2866, 182),
(2867, 124),
(2868, 183),
(2869, 186),
(2870, 187),
(2871, 188),
(2872, 189),
(2873, 190),
(2874, 162),
(2875, 162),
(2876, 194),
(2877, 127),
(2878, 195),
(2879, 196),
(2880, 197),
(2881, 198),
(2882, 199),
(2883, 200),
(2884, 201),
(2885, 202),
(2886, 203),
(2887, 204),
(2888, 174),
(2889, 205),
(2890, 196),
(2891, 206),
(2892, 207),
(2893, 208),
(2894, 120),
(2895, 209),
(2896, 210),
(2897, 120),
(2898, 211),
(2899, 116),
(2900, 116),
(2901, 212),
(2902, 212),
(2903, 212),
(2904, 213),
(2905, 116),
(2906, 116),
(2907, 203),
(2908, 214),
(2909, 214),
(2910, 182),
(2911, 118),
(2912, 215),
(2913, 126),
(2914, 189),
(2915, 178),
(2916, 216),
(2917, 217),
(2918, 218),
(2919, 219),
(2920, 220),
(2921, 221),
(2922, 222),
(2923, 222),
(2924, 223),
(2925, 224),
(2926, 225),
(2927, 197),
(2928, 226),
(2929, 227),
(2930, 228),
(2931, 229),
(2932, 122),
(2933, 230),
(2934, 226),
(2935, 230),
(2936, 231),
(2937, 226),
(2938, 232),
(2939, 233),
(2940, 153),
(2941, 207),
(2942, 234),
(2943, 235),
(2944, 236),
(2945, 211),
(2946, 237),
(2947, 11),
(2948, 196),
(2949, 196),
(2950, 196),
(2951, 182),
(2952, 11),
(2953, 238),
(2954, 239),
(2955, 150),
(2956, 208),
(2957, 240),
(2958, 200),
(2959, 241),
(2960, 242),
(2961, 243),
(2962, 244),
(2963, 245),
(2964, 246),
(2965, 247),
(2966, 248),
(2967, 249),
(2968, 250),
(2969, 251),
(2970, 241),
(2971, 138),
(2972, 252),
(2973, 200),
(2974, 253),
(2975, 254),
(2976, 255),
(2977, 256),
(2978, 203),
(2979, 257),
(2980, 64),
(2981, 258),
(2982, 259),
(2983, 234),
(2984, 248),
(2985, 59),
(2986, 6),
(2987, 257),
(2988, 260),
(2989, 201),
(2990, 255),
(2991, 64),
(2992, 261),
(2993, 122),
(2994, 262),
(2995, 259),
(2996, 218),
(2997, 123),
(2998, 263),
(2999, 211),
(3000, 262),
(3001, 264),
(3002, 265),
(3003, 259),
(3004, 266),
(3005, 267),
(3006, 263),
(3007, 268),
(3008, 269),
(3009, 270),
(3010, 162),
(3011, 162),
(3012, 113),
(3013, 220),
(3014, 109),
(3015, 273),
(3015, 274),
(3016, 275),
(3017, 276),
(3018, 277),
(3019, 278),
(3020, 269),
(3021, 279),
(3022, 280),
(3023, 277),
(3024, 281),
(3025, 282),
(3026, 283),
(3027, 104),
(3028, 280),
(3029, 273),
(3029, 274),
(3030, 284),
(3031, 280),
(3032, 283),
(3033, 209),
(3034, 284),
(3035, 285),
(3036, 286),
(3037, 287),
(3038, 288),
(3039, 290),
(3039, 291),
(3040, 292),
(3041, 288),
(3042, 293),
(3043, 294),
(3044, 178),
(3045, 295),
(3046, 290),
(3046, 291),
(3047, 296),
(3048, 259),
(3049, 280),
(3050, 297),
(3051, 222),
(3052, 292),
(3053, 222),
(3054, 298),
(3055, 299),
(3056, 189),
(3057, 296),
(3058, 268),
(3059, 297),
(2414, 300),
(2746, 120),
(2744, 120),
(650, 301),
(791, 302),
(797, 303),
(2354, 129),
(2461, 129),
(2474, 129),
(2485, 129),
(2507, 129),
(2624, 129),
(2655, 129),
(3061, 304),
(3062, 246),
(3063, 245),
(3064, 305),
(3064, 306),
(3065, 307),
(3066, 308),
(3067, 309),
(3068, 310),
(3069, 311),
(3070, 312),
(3071, 310),
(3071, 313),
(3071, 314),
(3072, 315),
(3073, 306),
(3074, 308),
(3075, 316),
(3076, 307),
(3076, 306),
(3077, 310),
(3077, 317),
(3078, 308),
(3079, 318),
(3079, 317),
(3080, 307),
(3080, 319),
(3081, 306),
(3081, 320),
(3082, 308),
(3082, 311),
(3083, 316),
(3084, 318),
(3084, 306),
(3085, 309),
(3085, 310),
(3086, 321),
(3087, 306),
(3087, 322),
(3088, 305),
(3088, 316),
(3088, 307),
(3088, 319),
(3089, 324),
(3090, 324),
(3091, 305),
(3092, 305),
(3093, 305),
(3094, 324),
(3095, 325),
(3096, 326),
(3097, 327),
(3098, 327),
(3099, 327),
(3100, 328),
(2165, 329),
(2209, 330),
(2232, 331),
(2258, 332),
(2292, 331),
(2301, 333),
(2328, 330),
(2343, 334),
(2390, 294),
(2429, 330),
(3102, 328),
(3101, 328),
(3103, 328),
(3104, 328),
(3105, 328),
(3106, 335),
(3107, 336),
(3108, 336),
(3109, 337),
(3110, 338),
(3111, 339),
(3112, 337),
(3113, 338),
(3114, 336),
(3115, 339),
(3116, 339),
(3117, 340),
(3118, 341);

-- --------------------------------------------------------

--
-- Estructura de tabla para la tabla `creadoresserie`
--

CREATE TABLE `creadoresserie` (
  `id_sserie` int(4) NOT NULL,
  `id_ccreador` int(4) NOT NULL
) ENGINE=InnoDB DEFAULT CHARSET=utf8;

--
-- Volcado de datos para la tabla `creadoresserie`
--

INSERT INTO `creadoresserie` (`id_sserie`, `id_ccreador`) VALUES
(2, 2),
(3, 3),
(4, 4),
(5, 5),
(9, 6),
(10, 7),
(11, 8),
(12, 9),
(13, 10),
(13, 11),
(16, 12),
(16, 13),
(16, 14),
(17, 15),
(18, 16),
(20, 17),
(20, 18),
(21, 19),
(22, 20),
(23, 21),
(23, 22),
(24, 23),
(24, 24),
(27, 25),
(27, 26),
(28, 27),
(28, 28),
(29, 29),
(29, 30),
(32, 31),
(33, 32),
(33, 33),
(34, 34),
(35, 35),
(35, 36),
(39, 40),
(39, 41),
(40, 42),
(43, 44),
(43, 45),
(44, 46),
(44, 47),
(45, 48),
(46, 49),
(47, 50),
(48, 51),
(49, 52),
(51, 53),
(51, 54),
(52, 55),
(52, 56),
(53, 57),
(53, 58),
(56, 59),
(57, 60),
(57, 61),
(58, 62),
(59, 63),
(59, 64),
(59, 65),
(60, 66),
(60, 67),
(60, 68),
(61, 69),
(62, 70),
(62, 71),
(62, 72),
(62, 73),
(63, 74),
(64, 75),
(65, 76),
(68, 77),
(69, 78),
(69, 79),
(70, 80),
(71, 81),
(71, 82),
(71, 83),
(72, 84),
(74, 85),
(74, 86),
(75, 87),
(75, 88),
(77, 89),
(77, 90),
(79, 91),
(79, 92),
(79, 93),
(81, 94),
(82, 95),
(83, 96),
(84, 97),
(84, 98),
(88, 99),
(89, 100),
(89, 101),
(89, 102),
(91, 103),
(93, 104),
(93, 105),
(97, 143),
(98, 144),
(99, 146),
(99, 147),
(99, 148),
(100, 152),
(101, 159),
(102, 166),
(103, 169),
(103, 170),
(104, 184),
(104, 185),
(104, 186),
(105, 191),
(105, 192),
(105, 193),
(107, 271),
(107, 272),
(107, 273),
(107, 274),
(109, 289),
(111, 323),
(41, 37),
(41, 43),
(41, 39),
(1, 1),
(38, 37),
(38, 38),
(38, 39),
(112, 9),
(112, 335);

-- --------------------------------------------------------

--
-- Estructura de tabla para la tabla `director`
--

CREATE TABLE `director` (
  `ID_director` int(4) NOT NULL DEFAULT '0',
  `Nomdir` varchar(25) DEFAULT NULL,
  `Sexo` varchar(6) DEFAULT NULL
) ENGINE=InnoDB DEFAULT CHARSET=utf8;

--
-- Volcado de datos para la tabla `director`
--

INSERT INTO `director` (`ID_director`, `Nomdir`, `Sexo`) VALUES
(1, 'Fabrice Gobert', 'hombre'),
(2, 'David Simon', 'hombre'),
(3, 'Eiichiro Oda', 'hombre'),
(4, 'Frank Darabont', 'hombre'),
(5, 'Bryan Fuller', 'hombre'),
(6, 'Vince Gilligan', 'hombre'),
(7, 'Kurt Sutter', 'hombre'),
(8, 'Brian K. Vaughan', 'hombre'),
(9, 'Dan Harmon', 'hombre'),
(10, 'Brad Falchuk', 'hombre'),
(11, 'Ryan Murphy', 'hombre'),
(12, 'Satoshi Tajiri', 'hombre'),
(13, 'Junichi Masuda', 'hombre'),
(14, 'Ken Sugimori', 'hombre'),
(15, 'Elizabeth Meriwether', 'mujer'),
(16, 'Tite Kubo', 'hombre'),
(17, 'Kevin Biegel', 'hombre'),
(18, 'Bill Lawrence', 'hombre'),
(19, 'Kazuki Takahashi', 'hombre'),
(20, 'Terence Winter', 'hombre'),
(21, 'Steven Levitan', 'hombre'),
(22, 'Christopher Lloyd', 'hombre'),
(23, 'David Benioff', 'hombre'),
(24, 'D.B. Weiss', 'hombre'),
(25, 'Mark Gatiss', 'hombre'),
(26, 'Steven Moffat', 'hombre'),
(27, 'David Crane', 'hombre'),
(28, 'Marta Kauffman', 'mujer'),
(29, 'Daniel J. Goor', 'hombre'),
(30, 'Michael Schur', 'hombre'),
(31, 'Nic Pizzolatto', 'hombre'),
(32, 'Alex Gansa', 'hombre'),
(33, 'Howard Gordon', 'hombre'),
(34, 'Charlie Brooker', 'hombre'),
(35, 'Carter Bays', 'hombre'),
(36, 'Craig Thomas', 'hombre'),
(37, 'Greg Berlanti', 'hombre'),
(38, 'Geoff Johns', 'hombre'),
(39, 'Andrew Kreisberg', 'hombre'),
(40, 'Damon Lindelof', 'hombre'),
(41, 'Tom Perrotta', 'hombre'),
(42, 'Dennis Kelly', 'hombre'),
(43, 'Marc Guggenheim', 'hombre'),
(44, 'Guillermo del Toro', 'hombre'),
(45, 'Chuck Hogan', 'hombre'),
(46, 'Seth MacFarlane', 'hombre'),
(47, 'David Zuckerman', 'hombre'),
(48, 'Marcos Osorio Vidal', 'hombre'),
(49, 'Peter Nowalk', 'hombre'),
(50, 'Bruno Heller', 'hombre'),
(51, 'Joseph Weisberg', 'hombre'),
(52, 'Michael Hirst', 'hombre'),
(53, 'Christopher Markus', 'hombre'),
(54, 'Stephen McFeely', 'hombre'),
(55, 'Terry Matalas', 'hombre'),
(56, 'Travis Fickett', 'hombre'),
(57, 'Lee Daniels', 'hombre'),
(58, 'Danny Strong', 'hombre'),
(59, 'Peter Gould', 'hombre'),
(60, 'John Fawcett', 'hombre'),
(61, 'Graeme Manson', 'hombre'),
(62, 'Will Forte', 'hombre'),
(63, 'John Altschuler', 'hombre'),
(64, 'Mike Judge', 'hombre'),
(65, 'Dave Krinsky', 'hombre'),
(66, 'Glenn Kessler', 'hombre'),
(67, 'Todd A. Kessler', 'hombre'),
(68, 'Daniel Zelman', 'hombre'),
(69, 'John Logan', 'hombre'),
(70, 'Iván Escobar', 'hombre'),
(71, 'Esther Martínez Lobato', 'mujer'),
(72, 'Álex Pina', 'hombre'),
(73, 'Daniel Écija', 'hombre'),
(74, 'Drew Goddard', 'hombre'),
(75, 'Chad Hodge', 'hombre'),
(76, 'Jenji Kohan', 'mujer'),
(77, 'Stephanie Savage', 'mujer'),
(78, 'Kim Benabib', 'hombre'),
(79, 'Roberto Benabib', 'hombre'),
(80, 'Stephen Levinson', 'hombre'),
(81, 'Jay Beattie', 'hombre'),
(82, 'Jill E. Blotevogel', 'mujer'),
(83, 'Dan Dworkin', 'hombre'),
(84, 'Jennie Snyder Urman', 'mujer'),
(85, 'Jack Amiel', 'hombre'),
(86, 'Michael Begler', 'hombre'),
(87, 'Hagai Levi', 'hombre'),
(88, 'Sarah Treem', 'mujer'),
(89, 'Dave Erickson', 'hombre'),
(90, 'Robert Kirkman', 'hombre'),
(91, 'Maurissa Tancharoen', 'mujer'),
(92, 'Jed Whedon', 'hombre'),
(93, 'Joss Whedon', 'hombre'),
(94, 'Martin Gero', 'hombre'),
(95, 'Max Borenstein', 'hombre'),
(96, 'Craig Sweeny', 'hombre'),
(97, 'Ian Brennan', 'hombre'),
(98, 'Joshua Safran', 'hombre'),
(99, 'Ali Adler', 'mujer'),
(100, 'Carlo Bernard', 'hombre'),
(101, 'Chris Brancato', 'hombre'),
(102, 'Doug Miro', 'hombre'),
(103, 'Melissa Rosenberg', 'mujer'),
(104, 'Robert Carlock', 'hombre'),
(105, 'Tina Fey', 'mujer'),
(106, 'Michael Engler', NULL),
(107, 'Nicole Holofcener', NULL),
(108, 'Todd Holland', NULL),
(109, 'Jeff Richmond', NULL),
(110, 'Beth McCarthy-Miller', NULL),
(111, 'Douglas Mackinnon', NULL),
(112, 'Ken Whittingham', NULL),
(113, 'Tristram Shapeero', NULL),
(114, 'John Dahl', NULL),
(115, 'Rick Jacobson', NULL),
(116, 'Robin Wright', NULL),
(117, 'Agnieszka Holland', NULL),
(118, 'James Foley', NULL),
(119, 'Christine Moore', NULL),
(120, 'Tucker Gates', NULL),
(121, 'Max Winkler', NULL),
(122, 'Michael Uppendahl', NULL),
(123, 'Paul A. Edwards', NULL),
(124, 'Johan Renck', NULL),
(125, 'David Straiton', NULL),
(126, 'S.J. Clarkson', NULL),
(127, '', NULL),
(128, 'Ed Bianchi', NULL),
(129, 'Steven Soderbergh', NULL),
(138, 'Steve Shill', NULL),
(139, 'Bradley Buecker', NULL),
(140, 'Moira Demos', NULL),
(141, 'Laura Ricciardi', NULL),
(142, 'McG', NULL),
(143, 'Ed Decter', 'hombre'),
(144, 'Lilly Wachowski', 'mujer'),
(145, 'Lana Wachowski', 'mujer'),
(146, 'Brian Koppelman', 'hombre'),
(147, 'David Levien', 'hombre'),
(148, 'Andrew Ross Sorkin', 'hombre'),
(149, 'Neil Burger', NULL),
(150, 'Rob Hardy', NULL),
(151, 'Jesse Warn', NULL),
(152, 'Phil Klemmer', 'hombre'),
(153, 'Glen Winter', NULL),
(154, 'Mick Garris', NULL),
(155, 'Tom Tykwer', NULL),
(156, 'Lawrence Trilling', NULL),
(157, 'James McTeigue', NULL),
(158, 'Dan Glass', NULL),
(159, 'Tom Kapinos', 'hombre'),
(160, 'Len Wiseman', NULL),
(161, 'Michael A. Allowitz', NULL),
(162, 'Dean Holland', NULL),
(163, 'David Platt', NULL),
(164, 'Charlotte Brändström', NULL),
(165, 'Joanna Kerns', NULL),
(166, 'Armando Iannucci', 'hombre'),
(167, 'Scott Hornbacher', NULL),
(168, 'Nathan Hope', NULL),
(169, 'Scott Alexander', 'hombre'),
(170, 'Larry Karaszewski', 'hombre'),
(171, 'Jason Reilly', NULL),
(172, 'Rachel Talalay', NULL),
(173, 'Kevin Fair', NULL),
(174, 'Dermott Downs', NULL),
(175, 'Michael  Alan Spiller', NULL),
(176, 'Edward Ornelas', NULL),
(177, 'Millicent Shelton', NULL),
(178, 'Uta Briesewitz', NULL),
(179, 'Gordon Verheul', NULL),
(180, 'Laura Innes', NULL),
(181, 'Antonio Negret', NULL),
(182, 'Greg Nicotero', NULL),
(183, 'Thomas Schnauz', NULL),
(184, 'Rich Cohen', 'hombre'),
(185, 'Mick Jagger', 'hombre'),
(186, 'Martin Scorsese', 'hombre'),
(187, 'Bruce McCulloch', NULL),
(188, 'J.J. Makaro', NULL),
(189, 'Adam Bernstein', NULL),
(190, 'Neil LaBute', NULL),
(191, 'Judd Apatow', 'hombre'),
(192, 'Lesley Arfin', 'mujer'),
(193, 'Paul Rust', 'hombre'),
(194, 'Ciarán Donnelly', NULL),
(195, 'Kevin Macdonald', NULL),
(196, 'Anthony Hemingway', NULL),
(197, 'Bill D+Elia', NULL),
(198, 'James Bamford', NULL),
(199, 'Lodge Kerrigan', NULL),
(200, 'Allen Coulter', NULL),
(201, 'John Slattery', NULL),
(202, 'Terry McDonough', NULL),
(203, 'Kari Skogland', NULL),
(204, 'Hanelle M. Culpepper', NULL),
(205, 'Gregory Smith', NULL),
(206, 'Mark Romanek', NULL),
(207, 'Michael E. Satrazemis', NULL),
(208, 'Nick Copus', NULL),
(209, 'Scott Winant', NULL),
(210, 'Howard Deutch', NULL),
(211, 'Melanie Mayron', NULL),
(212, 'Tom Shankland', NULL),
(213, 'Alex Graves', NULL),
(214, 'Jakob Verbruggen', NULL),
(215, 'Fred Toye', NULL),
(216, 'Mike Listo', NULL),
(217, 'Peter Sollett', NULL),
(218, 'Zetna Fuentes', NULL),
(219, 'Billy Gierhart', NULL),
(220, 'Eagle Egilsson', NULL),
(221, 'John Behring', NULL),
(222, 'Phil Abraham', NULL),
(223, 'Marc Jobst', NULL),
(224, 'Stephen Williams', NULL),
(225, 'John Shiban', NULL),
(226, 'Peter Hoar', NULL),
(227, 'Floria Sigismondi', NULL),
(228, 'Andy Goddard', NULL),
(229, 'Ken Girotti', NULL),
(230, 'Stephen Surjik', NULL),
(231, 'Euros Lyn', NULL),
(232, 'Thomas Schlamme', NULL),
(233, 'Alrick Riley', NULL),
(234, 'John F. Showalter', NULL),
(235, 'Stacie Passon', NULL),
(236, 'Nicole Kassell', NULL),
(237, 'John Singleton', NULL),
(238, 'Alice Troughton', NULL),
(239, 'Michael Schultz', NULL),
(240, 'Chris Long', NULL),
(241, 'Adam Davidson', NULL),
(242, 'Scott White', NULL),
(243, 'Jon S. Baird', NULL),
(244, 'Carl Franklin', NULL),
(245, 'Oz Scott', NULL),
(246, 'Michael Slovis', NULL),
(247, 'Kevin Dowling', NULL),
(248, 'Stefan Schwartz', NULL),
(249, 'Georgina Garcia Riedel', NULL),
(250, 'Noah Emmerich', NULL),
(251, 'Colin Bucksey', NULL),
(252, 'James Strong', NULL),
(253, 'Stefan Pleszczynski', NULL),
(254, 'John Stephens', NULL),
(255, 'Larysa Kondracki', NULL),
(256, 'Matthew Diamond', NULL),
(257, 'Jeremy Podeswa', NULL),
(258, 'Anna Mastro', NULL),
(259, 'Damon Thomas', NULL),
(260, 'Gina Lamar', NULL),
(261, 'Maggie Carey', NULL),
(262, 'Daniel Sackheim', NULL),
(263, 'Charlie McDowell', NULL),
(264, 'Joe Swanberg', NULL),
(265, 'Steve Buscemi', NULL),
(266, 'Rob Bailey', NULL),
(267, 'Jann Turner', NULL),
(268, 'Craig Zisk', NULL),
(269, 'Jack Bender', NULL),
(270, 'Michael Showalter', NULL),
(271, 'Sam Catlin', 'hombre'),
(272, 'Garth Ennis', 'hombre'),
(273, 'Evan Goldberg', 'hombre'),
(274, 'Seth Rogen', 'hombre'),
(275, 'Toa Fraser', NULL),
(276, 'David Petrarca', NULL),
(277, 'Eric Appel', NULL),
(278, 'Kate Dennis', NULL),
(279, 'Andrew Bernstein', NULL),
(280, 'Paco Cabezas', NULL),
(281, 'Linda Mendoza', NULL),
(282, 'Brian Dannelly', NULL),
(283, 'Mark Mylod', NULL),
(284, 'Jamie Babbit', NULL),
(285, 'Adam Wingard', NULL),
(286, 'Scott Speer', NULL),
(287, 'Jamie Travis', NULL),
(288, 'Andrew McCarthy', NULL),
(289, 'John Fusco', 'hombre'),
(290, 'Joachim Rønning', NULL),
(291, 'Espen Sandberg', NULL),
(292, 'Constantine Makris', NULL),
(293, 'Erin Feeley', NULL),
(294, 'Tricia Brock', NULL),
(295, 'Mark A. Burley', NULL),
(296, 'Miguel Sapochnik', NULL),
(297, 'Alec Berg', NULL),
(298, 'Lev L. Spiro', NULL),
(299, 'Matthew Weiner', NULL),
(300, 'Michael Rymer', 'hombre'),
(301, 'Michael Cuesta', NULL),
(302, 'John Madden', NULL),
(303, 'Michael Dinner', NULL),
(304, 'Daniel Stamm', NULL),
(305, 'Tetsuro Araki', NULL),
(306, 'Hiroyuki Tanaka', NULL),
(307, 'Masashi Koezuka', NULL),
(308, 'Kiyoshi Fukumoto', NULL),
(309, 'Makoto Bessho', NULL),
(310, 'Shinpei Ezaki', NULL),
(311, 'Tomomi Ikeda', NULL),
(312, 'Yuzuru Tachikawa', NULL),
(313, 'Satonobu Kikuchi', NULL),
(314, 'Tatsuma Minamikawa', NULL),
(315, 'Yoshiyuki Fujiwara', NULL),
(316, 'Shintaro Itoga', NULL),
(317, 'Keisuke Onishi', NULL),
(318, 'Yasushi Muroya', NULL),
(319, 'Daisuke Tokudo', NULL),
(320, 'Shin Wakabayashi', NULL),
(321, 'Hirozaku Yamada', NULL),
(322, 'Akitoshi Yokoyama', NULL),
(323, 'Steven Knight', NULL),
(324, 'Otto Bathurst', NULL),
(325, 'Guillermo Navarro', NULL),
(326, 'Silas Howard', NULL),
(327, 'Tom Harper', NULL),
(328, 'Colm McCarthy', NULL),
(329, 'Niels Arden Oplev', NULL),
(330, 'Sam Esmail', NULL),
(331, 'Jim McKay', NULL),
(332, 'Nisha Ganatra', NULL),
(333, 'Deborah Chow', NULL),
(334, 'Christoph Schrewe', NULL),
(335, 'Justin Roiland', NULL),
(336, 'John Rice', NULL),
(337, 'Jeff Myers', NULL),
(338, 'Bryan Newton', NULL),
(339, 'Stephen Sandoval', NULL),
(340, 'Michael Morris', NULL),
(341, 'Wes Archer', NULL);

-- --------------------------------------------------------

--
-- Estructura de tabla para la tabla `serie`
--

CREATE TABLE `serie` (
  `id_serie` int(3) NOT NULL,
  `Nombre` varchar(75) NOT NULL,
  `canal` int(2) NOT NULL,
  `inicio` int(4) NOT NULL,
  `fin` int(4) DEFAULT NULL,
  `estado` varchar(15) NOT NULL,
  `Poster` varchar(50) NOT NULL,
  `Intro` varchar(15) NOT NULL,
  `Seguimiento` tinyint(1) NOT NULL
) ENGINE=InnoDB DEFAULT CHARSET=utf8;

--
-- Volcado de datos para la tabla `serie`
--

INSERT INTO `serie` (`id_serie`, `Nombre`, `canal`, `inicio`, `fin`, `estado`, `Poster`, `Intro`, `Seguimiento`) VALUES
(1, 'Les Revenants', 1, 2012, 2015, 'finalizada', 'revenants.jpg', 'NUD8qU77BJ4', 0),
(2, 'The Wire', 2, 2002, 2008, 'finalizada', 'thewire.jpg', '', 0),
(3, 'One Piece', 3, 1999, 0, 'emisión', 'onepiece.jpg', '', 0),
(4, 'The Walking Dead', 4, 2010, 0, 'hiato', 'twd.jpg', 'ci5VCrrHHA0', 1),
(5, 'Hannibal', 5, 2013, 2015, 'finalizada', 'hannibal.jpg', 'rJ07nxw88gQ', 0),
(6, 'Zatch Bell!', 3, 2003, 2006, 'finalizada', 'zb.jpg', '9Y_Hvo0d_qU', 0),
(7, 'Death Note', 6, 2006, 2007, 'finalizada', 'dn.jpg', 'hhWXLg6lKsQ', 0),
(8, 'Kiss x sis', 7, 2010, 2010, 'finalizada', 'kxs.jpg', '', 0),
(9, 'Breaking Bad', 4, 2008, 2013, 'finalizada', 'breakingbad.jpg', 'F1HNuAE9WdU', 0),
(10, 'Sons of Anarchy', 8, 2008, 2014, 'finalizada', 'soa.jpg', 'lc8yjWGXBP8', 0),
(11, 'Under the Dome', 9, 2013, 2015, 'finalizada', 'utd.jpg', 'jZ0em-4u88E', 0),
(12, 'Community', 5, 2009, 2015, 'finalizada', 'comm.jpg', 'KsyzP8pkaTI', 0),
(13, 'American Horror Story', 8, 2011, 0, 'hiato', 'ahs.jpg', 'nTr2yLIHmSM', 1),
(14, 'Pokemon Origins', 10, 2013, 2013, 'finalizada', 'pok.png', '', 0),
(15, 'Digimon Adventure', 3, 1999, 2000, 'finalizada', 'digimon.jpg', 'UXwunDD5Lm8', 0),
(16, 'Pokémon', 10, 1997, 0, 'hiato', 'pokemon.jpg', 'vYrSOdTrBzg', 0),
(17, 'New Girl', 11, 2011, 0, 'hiato', 'newgirl.jpg', '_8J8TFLUemg', 0),
(18, 'Bleach', 10, 2004, 2012, 'finalizada', 'bleach.jpg', '', 0),
(19, 'Monster', 6, 2004, 2010, 'finalizada', 'monster.jpg', '', 0),
(20, 'Cougar Town', 12, 2009, 2015, 'finalizada', 'cougartown.jpg', '', 0),
(21, 'Yu-Gi-Oh!', 10, 2000, 2006, 'finalizada', 'yugioh.jpg', '', 0),
(22, 'Boardwalk Empire', 2, 2010, 2014, 'finalizada', 'boardwalkempire.jpg', 'd2y0lrvPnpU', 0),
(23, 'Modern Family', 13, 2009, 0, 'hiato', 'modernfamily.jpg', 'q3xrdZpMdu0', 0),
(24, 'Game of Thrones', 2, 2011, 0, 'hiato', 'gameofthrones.jpg', 's7L2PVdrb_8', 1),
(26, 'Fullmetal Alchemist: Brotherhood', 14, 2009, 2010, 'finalizada', 'fab.jpg', 'cGcoZh3MIiY', 0),
(27, 'Sherlock', 15, 2010, 0, 'hiato', 'sherlock.jpg', '166WMvLQ8ss', 1),
(28, 'Friends', 5, 1994, 2004, 'finalizada', 'friends.jpg', 'Xs-HbHCcK58', 0),
(29, 'Brooklyn Nine-Nine', 11, 2013, 0, 'hiato', 'b99.jpg', 'v0QTdCHX_-c', 0),
(30, 'Clannad', 14, 2007, 2009, 'finalizada', 'clannad.jpg', '', 0),
(31, 'Angel Beats!', 14, 2010, 2010, 'finalizada', 'angelbeats.jpg', '', 0),
(32, 'True Detective', 2, 2014, 0, 'hiato', 'truedetective.jpg', 'Xyu_MdKBXic', 1),
(33, 'Homeland', 16, 2011, 0, 'hiato', 'homeland.jpg', 'vRRpeGKNP5Y', 1),
(34, 'Black Mirror', 17, 2011, 0, 'hiato', 'blackmirror.jpg', 'i8tBU5BqHtw', 1),
(35, 'How I Met Your Mother', 9, 2005, 2014, 'finalizada', 'himym.jpg', 'A29gjuKd8kI', 0),
(36, 'Fargo', 8, 2014, 0, 'hiato', 'fargo.jpg', 'IFtU1OD9QE4', 1),
(37, 'Metástasis', 18, 2014, 2014, 'finalizada', 'metastasis.jpg', '', 0),
(38, 'The Flash', 19, 2014, 0, 'hiato', 'flash.jpg', 'Mx7xTF8fKz4', 1),
(39, 'The Leftovers', 2, 2014, 0, 'hiato', 'leftovers.jpg', '3PTNHQND6MA', 0),
(40, 'Utopia', 17, 2013, 2014, 'finalizada', 'utopia.jpg', '', 0),
(41, 'Arrow', 19, 2012, 0, 'hiato', 'arrow.jpg', 'OWMjzebP3WM', 1),
(42, 'Masters of Sex', 16, 2013, 0, 'hiato', 'mos.jpg', 'Ve8orWqYzPU', 1),
(43, 'The Strain', 8, 2014, 0, 'hiato', 'strain.jpg', 'D0EXesTkHxY', 1),
(44, 'Family Guy', 11, 1999, 0, 'hiato', 'familyguy.jpg', 'HhAN-L0EzCI', 0),
(45, 'Cuéntame un cuento', 20, 2014, 2014, 'finalizada', 'cuento.jpg', '', 0),
(46, 'How to Get Away With Murder', 13, 2014, 0, 'hiato', 'htgawm.jpg', 'q15VSPsC6xQ', 1),
(47, 'Gotham', 11, 2014, 0, 'hiato', 'gotham.jpg', '_t5LHBKSfG8', 1),
(48, 'The Americans', 8, 2013, 0, 'hiato', 'americans.jpg', 'ge2R5ndS11E', 1),
(49, 'Vikings', 21, 2013, 0, 'hiato', 'vikings.jpg', 'gmyCRJkKeKs', 1),
(50, 'House of Cards', 22, 2013, 0, 'hiato', 'houseofcards.jpg', 'Jy9ubIxYpcM', 1),
(51, 'Agent Carter', 13, 2015, 2016, 'finalizada', 'agentcarter.jpg', 'q8NUNz5FQXc', 0),
(52, '12 Monkeys', 23, 2015, 0, 'hiato', '12m.jpg', 'DVl5k3gk1Mc', 0),
(53, 'Empire', 11, 2015, 0, 'hiato', 'empire.jpg', '', 0),
(54, 'Parasyte', 6, 2014, 2015, 'finalizada', 'parasyte.jpg', '', 0),
(55, 'Tokyo Ghoul', 24, 2014, 2015, 'finalizada', 'tokyoghoul.jpg', '', 0),
(56, 'Better Call Saul', 4, 2015, 0, 'hiato', 'bcs.jpg', 'w5fW69bZPDs', 1),
(57, 'Orphan Black', 25, 2013, 0, 'hiato', 'orphan.jpg', 'aBXaRbqzmzc', 0),
(58, 'The Last Man on Earth', 11, 2015, 0, 'hiato', 'tlmoe.jpg', '', 0),
(59, 'Silicon Valley', 2, 2014, 0, 'hiato', 'sv.jpg', 'q_J0wpueotM', 1),
(60, 'Bloodline', 22, 2015, 0, 'hiato', 'bloodline.jpg', 'UlTKv30wDp0', 0),
(61, 'Penny Dreadful', 16, 2014, 2016, 'finalizada', 'pennydreadful.jpg', 'RWhT42t212U', 0),
(62, 'Vis a Vis', 20, 2015, 2016, 'finalizada', 'vav.jpg', 'nBsq7Pc1LUQ', 0),
(63, 'Daredevil', 22, 2015, 0, 'hiato', 'daredevil.jpg', 'KFYFh8w4758', 1),
(64, 'Wayward Pines', 11, 2015, 0, 'emisión', 'ww.jpg', 'S_key5Pkg-s', 0),
(65, 'Orange Is the New Black', 22, 2013, 0, 'hiato', 'oitnb.jpg', 'fBITGyJynfA', 1),
(66, 'Transparent', 26, 2014, 0, 'hiato', 'transparent.jpg', 'dvGfJdaUF0Y', 1),
(67, 'Mr. Robot', 27, 2015, 0, 'hiato', 'mrrobot.jpg', '', 1),
(68, 'The Astronaut Wives Club', 13, 2015, 2015, 'finalizada', 'awc.jpg', '', 0),
(69, 'The Brink', 2, 2015, 2015, 'finalizada', 'thebrink.jpg', '3ITv4Y2FKbo', 0),
(70, 'Ballers', 2, 2015, 0, 'hiato', 'ballers.jpg', 'V7KOpgskQUM', 1),
(71, 'Scream', 28, 2015, 0, 'emisión', 'scream.jpeg', '', 1),
(72, 'Jane the Virgin', 19, 2014, 0, 'hiato', 'janethevirgin.jpg', '', 1),
(73, 'Bikini Warriors', 24, 2015, 2015, 'finalizada', 'bw.jpg', '', 0),
(74, 'The Knick', 29, 2014, 0, 'hiato', 'theknick.jpg', '', 1),
(75, 'The Affair', 16, 2014, 0, 'hiato', 'affair.jpg', '6muh9kTlr88', 1),
(76, 'Show Me a Hero', 2, 2015, 2015, 'finalizada', 'smah.jpg', '', 0),
(77, 'Fear the Walking Dead', 4, 2015, 0, 'emisión', 'ftwd.jpg', 'KskWp1uSpms', 1),
(78, 'Vixen', 30, 2015, 0, 'hiato', 'vixen.jpg', '', 1),
(79, 'Agents of S.H.I.E.L.D.', 13, 2013, 0, 'hiato', 'aos.jpg', 'PXiajInzzjI', 0),
(80, 'The Bastard Executioner', 8, 2015, 2015, 'finalizada', 'tbe.jpg', 'XV8ZxhTW9H0', 0),
(81, 'Blindspot', 5, 2015, 0, 'hiato', 'blindspot.jpg', 'EKBps9VNFCY', 0),
(82, 'Minority Report', 11, 2015, 2015, 'finalizada', 'mr.jpg', '', 0),
(83, 'Limitless', 9, 2015, 2016, 'finalizada', 'limitless.jpg', 'i9UPSqlM1N4', 0),
(84, 'Scream Queens', 11, 2015, 0, 'hiato', 'sq.jpg', 'qWQQ7O6nuG4', 1),
(85, 'Quantico', 13, 2015, 0, 'hiato', 'quantico.jpg', '', 0),
(86, 'Olive Kitteridge', 2, 2014, 2014, 'finalizada', 'olive.jpg', 'D5hXLfIkbVo', 0),
(87, 'One-Punch Man', 10, 2015, 0, 'hiato', 'opm.jpg', '-tfayIJRt4k', 1),
(88, 'Supergirl', 9, 2015, 0, 'hiato', 'supergirl.jpg', '', 0),
(89, 'Narcos', 22, 2015, 0, 'hiato', 'narcos.jpg', 'PtJ6yAGjsIs', 1),
(90, 'Ash vs Evil Dead', 31, 2015, 0, 'hiato', 'ashvsevildead.jpg', '', 1),
(91, 'Jessica Jones', 22, 2015, 0, 'hiato', 'jj.jpg', 'oBb--vPwEho', 1),
(92, 'Sneaky Pete', 26, 2015, 0, 'hiato', 'pete.jpg', '', 1),
(93, 'Unbreakable Kimmy Schmidt', 22, 2015, 0, 'hiato', 'unbreakablekimmyschmidt.jpg', 'LIdFa1qLgNQ', 1),
(94, 'Bates Motel', 32, 2013, 0, 'hiato', 'batesmotel.jpg', 'j4Ruzl3885Y', 0),
(95, 'Dimension W', 24, 2016, 0, 'hiato', 'dimensionw.jpg', '9Cqzz88jrxY', 0),
(96, 'Making a Murderer', 22, 2015, 2015, 'finalizada', 'makingamurderer.jpg', '6_6zR9DCdWY', 0),
(97, 'Shadowhunters', 33, 2016, 0, 'hiato', 'shadowhunters.jpg', '3J4kMyW7FXw', 0),
(98, 'Sense8', 22, 2015, 0, 'hiato', 'sense8.jpg', '2f3UggkxNMI', 1),
(99, 'Billions', 16, 2016, 0, 'hiato', 'billions.jpg', '', 0),
(100, 'Legends of Tomorrow', 19, 2016, 0, 'hiato', 'lot.jpg', '', 0),
(101, 'Lucifer', 11, 2016, 0, 'hiato', 'lucifer.jpg', '', 0),
(102, 'Veep', 2, 2012, 0, 'hiato', 'veep.png', '5BR3wUgwAxo', 0),
(103, 'American Crime Story', 8, 2016, 0, 'hiato', 'acs.jpg', 'W_R29ZQyja8', 1),
(104, 'Vinyl', 2, 2016, 2016, 'finalizada', 'vinyl.jpg', 'acvzXDa_5gQ', 0),
(105, 'Love', 22, 2016, 0, 'hiato', 'love.jpg', 'iADYfOyQwhc', 1),
(106, '11.22.63', 34, 2016, 2016, 'finalizada', '112263.jpg', '6SQiQixsh3Y', 0),
(107, 'Preacher', 4, 2016, 0, 'emisión', 'preacher.jpg', '26JxUaazmoE', 1),
(108, 'Outcast', 29, 2016, 0, 'emisión', 'outcast.jpg', '', 0),
(109, 'Marco Polo', 22, 2014, 0, 'hiato', 'polo.jpg', 'eLEb5Q9VSuk', 1),
(110, 'Attack on Titan', 35, 2013, 0, 'hiato', 'attackontitan.jpg', 'mbaz5gwtQOA', 1),
(111, 'Peaky Blinders', 36, 2013, 0, 'hiato', 'peaky.jpg', '', 1),
(112, 'Rick and Morty', 37, 2013, 0, 'hiato', 'rickandmorty.jpg', 'E6TUs69Cw94', 1);

--
-- Índices para tablas volcadas
--

--
-- Indices de la tabla `canal`
--
ALTER TABLE `canal`
  ADD PRIMARY KEY (`ID_canal`);

--
-- Indices de la tabla `capitulo`
--
ALTER TABLE `capitulo`
  ADD PRIMARY KEY (`id_capitulo`),
  ADD KEY `fk1` (`serie`);

--
-- Indices de la tabla `creadoresserie`
--
ALTER TABLE `creadoresserie`
  ADD KEY `fkss` (`id_sserie`),
  ADD KEY `fkcc` (`id_ccreador`);

--
-- Indices de la tabla `director`
--
ALTER TABLE `director`
  ADD PRIMARY KEY (`ID_director`);

--
-- Indices de la tabla `serie`
--
ALTER TABLE `serie`
  ADD PRIMARY KEY (`id_serie`),
  ADD KEY `fk` (`canal`);

--
-- Restricciones para tablas volcadas
--

--
-- Filtros para la tabla `capitulo`
--
ALTER TABLE `capitulo`
  ADD CONSTRAINT `fk1` FOREIGN KEY (`serie`) REFERENCES `serie` (`id_serie`) ON DELETE CASCADE;

--
-- Filtros para la tabla `creadoresserie`
--
ALTER TABLE `creadoresserie`
  ADD CONSTRAINT `fkcc` FOREIGN KEY (`id_ccreador`) REFERENCES `director` (`ID_director`) ON DELETE CASCADE,
  ADD CONSTRAINT `fkss` FOREIGN KEY (`id_sserie`) REFERENCES `serie` (`id_serie`) ON DELETE CASCADE;

--
-- Filtros para la tabla `serie`
--
ALTER TABLE `serie`
  ADD CONSTRAINT `fk` FOREIGN KEY (`canal`) REFERENCES `canal` (`ID_canal`) ON DELETE CASCADE;

/*!40101 SET CHARACTER_SET_CLIENT=@OLD_CHARACTER_SET_CLIENT */;
/*!40101 SET CHARACTER_SET_RESULTS=@OLD_CHARACTER_SET_RESULTS */;
/*!40101 SET COLLATION_CONNECTION=@OLD_COLLATION_CONNECTION */;
